Feature_0_Class_0,Feature_0_Class_1,Feature_1_Class_0,Feature_1_Class_1,Feature_2_Class_0,Feature_2_Class_1,Feature_3_Class_0,Feature_3_Class_1,Feature_4_Class_0,Feature_4_Class_1
0.013266036246707382,-0.013266036246707316,0.017961816047965054,-0.017961816047965075,0.04124165846218248,-0.041241658462182446,0.019833148795277634,-0.019833148795277707,0.08579128999537394,-0.08579128999537435
0.03087858466308929,-0.03087858466308956,0.07160968016336307,-0.0716096801633636,0.002373940950768466,-0.0023739409507684303,0.007773197178771674,-0.007773197178771703,0.060194694232935164,-0.06019469423293522
0.017886047949867572,-0.017886047949867336,0.046469720217032634,-0.04646972021703333,-0.05011955119738221,0.05011955119738222,-0.013462813759396584,0.013462813759396768,0.05283953960540236,-0.05283953960540212
-0.04252421402552359,0.042524214025523276,-0.030069918457397475,0.03006991845739615,-0.015841915730197404,0.015841915730197515,-0.01814592910550155,0.018145929105501495,-0.06253387559269973,0.06253387559269935
0.025814459078543767,-0.025814459078544016,-0.09365015618444615,0.09365015618444555,-0.048309153009189816,0.04830915300919026,-0.04486008320716921,0.04486008320716925,-0.04478123982871415,0.04478123982871411
-0.002953627947313514,0.002953627947313681,0.017900181257482415,-0.017900181257483022,0.026264365962460727,-0.026264365962462306,0.01780878610055215,-0.017808786100552143,0.13817682670464007,-0.13817682670464246
-0.029467430810021077,0.02946743081001924,0.021260810091964243,-0.02126081009196523,0.04740379573783334,-0.04740379573783434,-0.04126237302061716,0.041262373020616416,-0.013929643976969327,0.01392964397696943
-0.01907868738490096,0.019078687384900997,-0.0727479248186065,0.0727479248186058,-0.032785031278100514,0.03278503127810048,0.0061295225592382695,-0.006129522559238251,-0.04488227316131913,0.044882273161319194
-0.03100359985895914,0.03100359985895708,-0.01960273101260402,0.01960273101260314,-0.02527660070571157,0.025276600705709574,-0.04946305588230642,0.049463055882305755,-0.022491886703059016,0.02249188670305803
-0.04337554330581413,0.043375543305813447,-0.044582155225249276,0.04458215522524842,-0.06533429550181365,0.0653342955018143,-0.03326839280803292,0.03326839280803178,-0.08485035000591898,0.08485035000591952
-0.032304557129379255,0.03230455712937709,-0.005408844874648354,0.005408844874648434,-0.02034732099955598,0.020347320999555097,-0.04658860863603333,0.04658860863603304,0.09171814150475603,-0.0917181415047557
-0.021727488454373157,0.021727488454373136,-0.0931427828801968,0.09314278288019628,-0.0012272740976072031,0.0012272740976072324,0.014619584070390504,-0.014619584070390388,-0.022780676282161613,0.022780676282161284
0.035206984613255804,-0.03520698461325587,-0.026986440205985972,0.02698644020598579,-0.05857000155978121,0.05857000155978127,-0.027502369798022352,0.02750236979802214,-0.04067622846926542,0.04067622846926508
-0.018187966398859563,0.018187966398859702,-0.011152397604313621,0.011152397604314022,-0.006731315925823757,0.006731315925824011,0.03824454576116414,-0.0382445457611652,0.17680545325205138,-0.17680545325205554
0.017255272291577795,-0.017255272291577722,0.01668041485219692,-0.016680414852197276,0.0017518135521664374,-0.0017518135521662052,0.010364527085933304,-0.010364527085932872,0.14379537014017393,-0.14379537014017646
0.001200431750405701,-0.00120043175040551,0.014886878112733181,-0.01488687811273277,-0.008534330694932538,0.008534330694932969,-0.03078044856675894,0.03078044856675658,0.06164731538035351,-0.06164731538035327
-0.019328414873022844,0.019328414873022847,-0.07836377517403122,0.07836377517403047,-0.04322460007863479,0.043224600078634975,-0.030886875999895643,0.030886875999895425,-0.06455186442580328,0.06455186442580298
-0.04458945821239273,0.04458945821239226,-0.042783537523787864,0.04278353752378678,-0.0359252810568078,0.035925281056807354,-0.08754500824870576,0.08754500824870576,-0.12323273790792084,0.12323273790792011
0.06332615012560638,-0.06332615012560683,0.0663076783855374,-0.06630767838553764,0.04200749478091814,-0.04200749478091809,0.03848700059581437,-0.0384870005958144,0.08697025655390939,-0.08697025655390991
0.013551861193090323,-0.013551861193089829,0.05109123940105456,-0.05109123940105568,0.06491720116603891,-0.06491720116603858,0.022204950971575065,-0.022204950971576223,0.16193261926048652,-0.1619326192604932
-0.03789937360292351,0.037899373602922226,0.02191172221644312,-0.021911722216444163,0.061193885394938745,-0.061193885394939036,-0.04263542140124497,0.04263542140124361,-0.0806485098807696,0.08064850988076906
-0.05843909573417618,0.058439095734175786,0.012319944019315777,-0.012319944019315224,0.04490042124047713,-0.044900421240478265,-0.05015532015160195,0.05015532015160127,-0.04797877451449525,0.04797877451449339
0.08228490659287994,-0.08228490659287978,0.07371293518102058,-0.07371293518102127,0.08097472099070899,-0.08097472099070961,0.03444055073953761,-0.034440550739541005,0.0846014803946647,-0.08460148039466461
0.028717613656251053,-0.028717613656251414,0.009492451202609616,-0.009492451202609569,-0.03562866560149685,0.03562866560149654,-0.17987829050129342,0.17987829050129325,-0.05696313281741944,0.05696313281741945
-0.07679660418904533,0.07679660418904505,-0.033681218068502654,0.0336812180685026,-0.019449785674605456,0.019449785674605626,-0.027061254264437864,0.02706125426443761,-0.036931541441268353,0.03693154144126852
-0.04057515828517692,0.04057515828517669,-0.08433639374033601,0.0843363937403355,-0.06451798462026914,0.06451798462026932,-0.05212516618379131,0.05212516618379131,-0.06353026722762113,0.06353026722762066
-0.0054263977155572405,0.005426397715557444,-0.020926966863995415,0.020926966863995394,-0.05462269210715454,0.05462269210715442,0.014988500332832605,-0.01498850033283243,-0.10774974390350132,0.10774974390350057
-0.010922828592390665,0.010922828592390956,-0.0010266677758217304,0.0010266677758218544,-0.002779482359014089,0.0027794823590143146,-0.051342426997310224,0.051342426997309086,-0.08719918676144443,0.0871991867614441
0.03625329861391346,-0.03625329861391638,0.005079818119363031,-0.005079818119362229,0.014693669765662973,-0.014693669765662032,0.06065033809265267,-0.06065033809265312,0.054254106489484394,-0.054254106489484366
0.0030632554434143477,-0.0030632554434143026,0.007867766209316026,-0.00786776620931572,-0.055242184548368156,0.05524218454836843,-0.026462012591731643,0.02646201259173128,-0.03096894234571087,0.030968942345710414
0.0361257520446673,-0.0361257520446694,0.02095679466394998,-0.020956794663950607,0.023514938565834916,-0.02351493856583532,0.011579032862761882,-0.011579032862761648,0.1447688339140368,-0.14476883391403955
0.07413009418604476,-0.0741300941860448,0.0476894633781076,-0.04768946337810766,0.01720354038268082,-0.017203540382680765,0.0044379726935690825,-0.004437972693569048,-0.0003871629000465756,0.00038716290004660737
-0.042656715733400685,0.04265671573340062,-0.07174841163822356,0.07174841163822362,-0.04075992989030565,0.04075992989030547,-0.0237772974736425,0.02377729747364241,-0.041684662059095434,0.04168466205909518
0.018238854864218466,-0.018238854864218224,-0.00936199127505324,0.009361991275053383,-0.036172494108634046,0.03617249410863413,-0.01902219074496179,0.019022190744961972,-0.02924293223241358,0.02924293223241315
0.026530266623274037,-0.026530266623274214,0.017876369095403723,-0.017876369095403636,0.04176536723615315,-0.04176536723615312,0.0538035314115097,-0.05380353141150945,0.06613907074088439,-0.06613907074088424
-0.03917166308272705,0.039171663082726696,-0.03904421640690729,0.03904421640690693,-0.008810831342427609,0.008810831342427678,-0.021796211549480922,0.021796211549480908,-0.0772747524188252,0.07727475241882457
-0.025867772573549438,0.025867772573549577,-0.05519279994598028,0.055192799945979594,-0.050937802488313796,0.05093780248831397,0.022902458292478882,-0.022902458292479014,-0.04794011334953016,0.04794011334953008
-0.09028074778424988,0.0902807477842501,-0.051857685610620465,0.05185768561062001,-0.03326424043393514,0.03326424043393489,-0.016392077473656792,0.016392077473657,-0.0767337035978606,0.0767337035978605
0.042715355238868755,-0.04271535523886874,-0.012835881636559117,0.01283588163655936,-0.05016102845256403,0.050161028452563844,0.02171587892903464,-0.021715878929034642,0.01721900943775034,-0.01721900943775038
0.042862150550461504,-0.04286215055046151,-0.012290188438590437,0.012290188438590664,-0.023090846372070165,0.02309084637207026,0.014439393922978471,-0.014439393922978322,0.017567617698080937,-0.01756761769808094
-0.010474689555563632,0.010474689555563807,0.026053939188117447,-0.02605393918811905,0.023353761026520016,-0.023353761026521116,0.0014424768592246832,-0.0014424768592246132,0.1324484472132929,-0.1324484472132958
0.06664380003590235,-0.06664380003590155,0.02108956885862576,-0.021089568858625955,0.013494064882610464,-0.013494064882610407,-0.031086250394409952,0.031086250394409536,0.019630403306282407,-0.019630403306282733
-0.07137199943528971,0.07137199943528982,-0.0238048541945807,0.0238048541945788,-0.015581636583072002,0.015581636583071755,-0.07786459928675697,0.0778645992867567,-0.10761080053942405,0.10761080053942422
-0.044488007976925946,0.0444880079769258,-0.06781199943303877,0.06781199943303816,-0.04993714715170848,0.04993714715170831,-0.04434641511409303,0.044346415114092846,-0.054848861514045506,0.05484886151404551
-0.07254705486448372,0.07254705486448387,-0.06862345483725431,0.06862345483725431,-0.05043179947730526,0.05043179947730509,0.02191385205651157,-0.021913852056511585,0.013138911601739148,-0.013138911601739198
0.04675648276274417,-0.046756482762743946,0.03237994606312246,-0.03237994606312274,-0.0077255973852906525,0.007725597385290749,-0.015950868239072175,0.015950868239072494,0.033575944555022406,-0.033575944555023045
-0.037971501095595724,0.03797150109559439,-0.019012999772758214,0.019012999772758183,-0.014198893239220267,0.014198893239220503,-0.057652331867455546,0.057652331867454415,-0.11937270319683582,0.11937270319683498
-0.04829181032448161,0.04829181032448091,-0.0446738017409815,0.04467380174098036,-0.07679590415378537,0.07679590415378497,-0.09594244759929746,0.09594244759929713,-0.12838623657688897,0.12838623657688752
0.0001498938486702926,-0.00014989384867026564,0.05699892179545629,-0.056998921795456584,0.02198442754696242,-0.021984427546962334,0.029633932132641497,-0.02963393213264148,0.08160015351375752,-0.08160015351375763
0.006060565765084999,-0.006060565765084558,0.04919986685637126,-0.049199866856371996,0.04159443721378932,-0.041594437213790046,-0.0282993597052393,0.028299359705236626,0.13674151249459393,-0.13674151249459726
-0.051369137642268754,0.05136913764226887,-0.016177716612717965,0.016177716612718242,-0.0005695893522295078,0.0005695893522296259,-0.05309523935563276,0.05309523935563214,-0.10184501263443006,0.10184501263442892
0.0037978023337782428,-0.0037978023337780836,0.020930010368651483,-0.02093001036865205,0.07935326770029645,-0.0793532677002962,-0.03780880734275554,0.03780880734275382,-0.10456670130220952,0.1045667013022096
-0.07054401092002456,0.07054401092002457,-0.027353803432636065,0.02735380343263486,-0.04387776525159906,0.043877765251597374,-0.005337441819527156,0.005337441819527528,-0.01894067554451863,0.018940675544518188
0.01529312076477638,-0.015293120764776229,-0.031174009196669093,0.031174009196668413,-0.038655112755000755,0.03865511275500063,-0.09633432850249357,0.09633432850249263,-0.05804736634408835,0.05804736634408784
-9.813866763270466e-05,9.813866763277699e-05,0.012040740578540592,-0.01204074057854032,0.007301861843445543,-0.007301861843445082,0.0253468379203272,-0.025346837920328658,0.14876205209707255,-0.1487620520970754
0.029133207643486994,-0.029133207643489846,0.0398886465179153,-0.03988864651791636,0.04061457807641561,-0.04061457807641638,-0.030378085335780427,0.030378085335777766,0.13663341410050295,-0.1366334141005066
0.047353552104559216,-0.047353552104559445,0.04618432885440999,-0.04618432885441016,0.018617870723222893,-0.018617870723222903,0.0004311866540955254,-0.0004311866540955273,-0.00952884431780028,0.00952884431780041
0.054177286313668534,-0.05417728631366902,0.03332162314809162,-0.033321623148093504,0.015394282370043151,-0.01539428237004282,-0.03296799708606714,0.03296799708606527,0.12853657870963214,-0.12853657870963264
0.010774636349347602,-0.010774636349347335,-0.003760475633460548,0.0037604756334606985,-0.005962939739558009,0.005962939739558196,-0.07705354276094954,0.07705354276094949,0.03820682494951596,-0.03820682494951757
0.003020525323182863,-0.0030205253231826742,0.007500598939180713,-0.007500598939180477,0.02157534848437653,-0.02157534848437793,0.023373205742443604,-0.02337320574244489,0.14118866564810656,-0.14118866564810914
-0.029882166778637333,0.029882166778635193,0.029834555490751306,-0.02983455549075321,0.059513813308602816,-0.059513813308603496,-0.03287584852047241,0.03287584852047002,0.03418056805528519,-0.034180568055287505
0.009449527743889033,-0.009449527743888648,0.058796272654054064,-0.058796272654055334,0.056180324535765,-0.05618032453576508,0.024272603615416024,-0.024272603615417623,0.1634092294508634,-0.16340922945087002
0.0348906377713482,-0.0348906377713511,0.02845558681692915,-0.028455586816932013,0.03303901763913821,-0.03303901763914202,0.06140889669631702,-0.061408896696317425,0.07294309561568739,-0.0729430956156873
0.016952153903221336,-0.016952153903221363,-0.03240238939436893,0.03240238939436884,-0.012637903161921748,0.012637903161921846,0.0026812058542774594,-0.0026812058542774074,-0.011778424010385676,0.011778424010385764
0.029590744388340397,-0.029590744388343228,0.04308300856385636,-0.04308300856385751,0.039587972611413245,-0.039587972611414696,-0.03269632532700936,0.03269632532700686,0.13744891442755575,-0.13744891442755916
0.031146098002903144,-0.031146098002906873,0.04641326220174398,-0.04641326220174546,0.0695001254001784,-0.06950012540017753,0.10883584418646569,-0.10883584418646491,0.07521279579285024,-0.07521279579284951
-0.03194635541245172,0.031946355412450896,-0.009017754213584778,0.00901775421358494,-0.02547989574237559,0.02547989574237547,-0.07916045542849201,0.0791604554284916,-0.1271915498473086,0.1271915498473074
0.040340020881751815,-0.04034002088175201,0.015348660442279467,-0.015348660442279225,-0.002783500203847895,0.002783500203847903,-0.10194296272484323,0.10194296272484209,-0.02477559817215496,0.024775598172154457
-0.04331066865641775,0.04331066865641731,-0.05661119308903121,0.05661119308903094,-0.04652407357251499,0.04652407357251501,-0.06563838827959055,0.06563838827959025,-0.0907583276890007,0.09075832768900119
0.02252470331323116,-0.022524703313231267,-0.03680282352896178,0.036802823528961824,-0.048899308365210024,0.048899308365210295,-0.0038333195799341545,0.0038333195799341757,-0.028779255252720022,0.028779255252719706
0.01790437101235548,-0.017904371012355345,0.033891925813226066,-0.03389192581322637,-0.003010077776869671,0.0030100777768697394,0.01748982303031967,-0.0174898230303195,0.018624889006902404,-0.018624889006902297
-0.0666892076488519,0.06668920764885201,0.020725646275349254,-0.020725646275349226,-0.018273859024000753,0.018273859024000975,0.01708524896884395,-0.01708524896884403,-0.05334698459447814,0.053346984594477946
0.029941719148885864,-0.02994171914888624,0.04654193260187968,-0.04654193260188037,0.00691662912096916,-0.006916629120969094,0.04020501780702195,-0.04020501780702134,0.016025380740440822,-0.01602538074044068
0.01735636360379051,-0.017356363603790063,-0.02340047402795828,0.023400474027955257,0.02555867542424927,-0.025558675424251897,-0.041615345276630154,0.041615345276628746,0.07063332714253248,-0.07063332714253223
-0.05186686523462055,0.05186686523462006,-0.0495310945470628,0.04953109454706193,-0.04114092775766316,0.041140927757662836,-0.08711420247170915,0.08711420247170881,-0.12047115338131131,0.12047115338131051
-0.023070155711019148,0.02307015571101854,0.021627397817182283,-0.021627397817183102,0.02511107365323892,-0.02511107365324005,-0.04723911205712009,0.0472391120571193,-0.07495439510497252,0.0749543951049723
0.004419292675345746,-0.0044192926753456934,0.012027219778205162,-0.01202721977820493,0.040294260413361996,-0.04029426041336207,0.022852654087463942,-0.02285265408746418,0.0814749375011383,-0.08147493750113863
0.013259802763894366,-0.013259802763894282,0.018182957982340025,-0.018182957982340268,-0.009308549660270112,0.009308549660270147,-0.09712058805692017,0.09712058805691934,0.018546042985155445,-0.018546042985155435
-0.07199678377877024,0.07199678377877028,-0.07005495216899234,0.07005495216899203,-0.027861848571727885,0.027861848571727788,0.0199246319787032,-0.019924631978703106,0.01084314585928,-0.010843145859279963
-0.014150358989562892,0.014150358989563188,-0.0054318512158092165,0.005431851215809472,0.014256895689340505,-0.014256895689340335,0.0001704938471082904,-0.00017049384710819996,0.08554348342422971,-0.08554348342422984
0.016964698513874273,-0.016964698513874346,-0.0333185365072476,0.033318536507247504,-0.012760610614746279,0.012760610614746377,0.002582282548286405,-0.0025822825482863503,-0.01187389387434437,0.011873893874344451
0.0073416924209189095,-0.007341692420918525,0.033754613285925224,-0.0337546132859269,0.03242662968080131,-0.032426629680803024,0.028717671068179306,-0.02871767106818124,0.1501247774949483,-0.150124777494953
-0.025963459127881453,0.025963459127880093,-0.04003079854596139,0.04003079854595817,0.023799815773778543,-0.02379981577377982,-0.0522086139272654,0.05220861392726419,-0.13936976554955643,0.1393697655495524
0.0052666655311686805,-0.005266665531168277,0.0546626485216573,-0.054662648521658606,0.07397611996788102,-0.0739761199678809,0.04702049200536168,-0.047020492005362624,0.08579776129668208,-0.08579776129668194
0.039330145382888086,-0.039330145382888135,-0.024150594057657467,0.02415059405765749,-0.03604823720425604,0.036048237204255984,0.018949981090046565,-0.01894998109004637,0.011969656911882804,-0.011969656911882629
0.05698900910723989,-0.05698900910724128,0.04702781152259131,-0.047027811522593145,0.047859905983698374,-0.04785990598369982,0.11143674572643314,-0.11143674572643242,0.0793243561801317,-0.07932435618013121
-0.038665498511563826,0.03866549851156344,-0.06119781244100773,0.06119781244100735,-0.057283920825628394,0.05728392082562867,0.01885124845963419,-0.018851248459634193,-0.04240501567496996,0.04240501567496981
0.0051791656379034995,-0.005179165637903364,-0.047462332770067485,0.04746233277006722,-0.06445962944244069,0.06445962944244107,-0.10794328575640978,0.10794328575640977,-0.07372551389948503,0.07372551389948521
0.0010406856239631177,-0.0010406856239630142,0.01009136129992451,-0.01009136129992416,0.00336603829627289,-0.003366038296272741,0.022768840685260073,-0.02276884068526079,0.0943712794080219,-0.09437127940802209
0.05713435648623784,-0.057134356486240365,-0.08259976193061089,0.08259976193061065,0.012488402499985972,-0.012488402499985089,-0.044000945408716165,0.04400094540871418,0.06662234344031107,-0.06662234344031102
0.01929015167953622,-0.019290151679536016,0.000285749187898332,-0.00028574918789826386,-0.033937585198787555,0.033937585198787444,-0.016129665792682796,0.016129665792682893,0.04141515156877754,-0.0414151515687781
0.06090132354898921,-0.06090132354898918,0.02895394600584043,-0.028953946005840694,0.006640608145327439,-0.006640608145327364,-0.009489375460122025,0.009489375460122055,-0.01767495999009177,0.01767495999009175
-0.0495436248923741,0.04954362489237407,-0.09182663318738975,0.09182663318738939,-0.060705256251351425,0.0607052562513516,-0.052195919449241755,0.052195919449241866,-0.07284964090571533,0.07284964090571543
0.008598230694613565,-0.008598230694613523,0.0069246711017728856,-0.00692467110177279,-0.00832811436615886,0.008328114366158946,-0.010885543469921127,0.010885543469921257,-0.037039143632156435,0.03703914363215617
0.08738482042547302,-0.08738482042547267,0.07030639109476822,-0.07030639109476876,0.06880755742349434,-0.06880755742349477,0.0027911167455658956,-0.002791116745565284,0.0922871405688194,-0.09228714056881944
0.008812806994374636,-0.008812806994374546,-0.016528123910132385,0.0165281239101321,-0.03814854836251971,0.03814854836251992,-0.03405803096301278,0.03405803096301235,-0.031336173177480074,0.031336173177479304
0.012299863783344684,-0.012299863783344292,0.037856590559333936,-0.037856590559335275,0.10670191516956028,-0.10670191516956057,-0.042576231184874025,0.04257623118487241,-0.06441262005604911,0.06441262005604838
-0.020189992977288615,0.020189992977288462,0.023282472652158576,-0.023282472652158624,-0.017053929609884434,0.017053929609884815,0.0020935385106888617,-0.002093538510688872,0.04502219777045071,-0.0450221977704508
-0.06168266490889709,0.06168266490889708,-0.02403003369493995,0.02403003369493951,-0.01670878465617087,0.016708784656170525,-0.09731743981948161,0.09731743981948027,-0.047795570652814715,0.04779557065281459
0.057520493332546246,-0.05752049333254609,-0.02315054105370232,0.023150541053702112,-0.03656049112521465,0.03656049112521436,-0.0005296422125470905,0.0005296422125470696,0.0054269499702202535,-0.0054269499702202595
-0.04901223515023446,0.049012235150233736,-0.043679029689237876,0.04367902968923703,-0.05355870755423744,0.05355870755423737,-0.009971269404422166,0.009971269404422448,-0.0877479587204417,0.08774795872044178
0.07591666983520706,-0.07591666983520717,0.07438338624916038,-0.07438338624916085,0.07616450072043066,-0.07616450072043118,0.021287335649177078,-0.02128733564917882,0.09938044871492799,-0.09938044871492789
-0.014184708938330032,0.014184708938330305,-0.00014383120163151877,0.00014383120163163695,-0.010944794534608308,0.010944794534608662,-0.059561362102331955,0.059561362102331455,0.0869403849113431,-0.08694038491134273
-0.013032388793762706,0.013032388793763155,0.04610340914871224,-0.04610340914871369,0.04865286795328645,-0.04865286795328782,0.04810451271312725,-0.04810451271312832,0.06562609867477699,-0.06562609867477752
0.06001332450613531,-0.06001332450613512,-0.017756783007157877,0.017756783007157707,-0.03265502177433794,0.03265502177433769,0.0031446566476740255,-0.0031446566476739913,0.00793314190802287,-0.00793314190802278
-0.04476016270671794,0.0447601627067174,-0.03923183656943069,0.03923183656942949,-0.06723602430586048,0.06723602430586081,-0.08916953362700616,0.08916953362700619,-0.08701659462560334,0.08701659462560371
-0.005387759810527207,0.005387759810527421,-0.023150504061139852,0.0231505040611395,0.016365045578913082,-0.016365045578913346,0.024715556102471392,-0.024715556102472364,0.17933710196370703,-0.17933710196371172
-0.05511337277653755,0.055113372776537065,-0.009911380840055382,0.0099113808400561,-0.005973305337756106,0.005973305337756584,-0.08530870049659188,0.08530870049659192,0.0013154701270762373,-0.0013154701270759943
0.019580396764555676,-0.019580396764555853,0.006118762854417591,-0.006118762854417273,-0.0004953194902555933,0.0004953194902559168,-0.029946947946124635,0.02994694794612222,0.03569814213517663,-0.03569814213517886
-0.05786460988155917,0.057864609881559385,0.002769979304862624,-0.0027699793048626036,-0.05820608027477145,0.05820608027477129,-0.03538984783932944,0.03538984783932939,-0.014183353652408694,0.014183353652408786
0.029914481994223033,-0.029914481994223332,-0.04634719441292306,0.04634719441292287,-0.04779318921885598,0.0477931892188558,0.013022758031225457,-0.013022758031225313,0.002154764071308317,-0.0021547640713082475
-0.04169809349540011,0.04169809349539927,-0.04843251923212547,0.048432519232124785,-0.02150535995204003,0.021505359952039556,-0.056110784106865826,0.05611078410686514,-0.07146224082740886,0.0714622408274082
-0.05862286876206612,0.058622868762065676,-0.035049678029216776,0.035049678029216,0.00872353812939971,-0.008723538129399574,-0.0077482681914800965,0.007748268191480251,-0.07146621505090726,0.07146621505090744
0.03823791543245804,-0.03823791543245818,0.02937656776176471,-0.029376567761764828,0.004786297931610408,-0.0047862979316104,-0.034317861032378286,0.03431786103237834,-0.038630286369881035,0.03863028636988066
0.06242983386848006,-0.062429833868479924,-0.005825582764862801,0.0058255827648629015,-0.026438982577910667,0.026438982577910566,0.0058740441787317865,-0.005874044178731714,0.008431421408329748,-0.008431421408329658
0.05244699155989104,-0.05244699155989044,0.05288312844452239,-0.05288312844452297,-0.010409535417257315,0.010409535417257466,0.059370435112599734,-0.05937043511259951,0.1006997339920854,-0.1006997339920852
-0.09178823777941883,0.09178823777941762,-0.012580777827445865,0.01258077782744613,-0.007469877835926293,0.007469877835926434,0.030957109106520105,-0.03095710910652034,0.0314932635546269,-0.03149326355462716
-0.006176999303498854,0.006176999303499185,0.03343501056502731,-0.033435010565028046,0.0814548361320133,-0.08145483613201306,-0.047811322379834854,0.04781132237983376,-0.10904482291926879,0.10904482291926881
-0.04929892422442867,0.04929892422442882,0.020112500321407597,-0.02011250032140769,-0.023834694823203856,0.023834694823203953,-0.01236662302607589,0.012366623026075954,-0.01951883627591468,0.019518836275914678
0.06365456931406994,-0.0636545693140705,0.046913021214066486,-0.04691302121406646,0.03715848609659861,-0.03715848609659854,0.02917532155561377,-0.029175321555613826,0.059367143159913975,-0.05936714315991408
-0.012430024793010667,0.01243002479301096,0.016712810725908196,-0.016712810725908134,0.029991829488626796,-0.029991829488627622,0.05611264902572851,-0.056112649025728635,0.18369466091503195,-0.18369466091503703
-0.0986964055888523,0.09869640558885122,0.00057483490163788,-0.0005748349016378241,-0.028375172385653024,0.02837517238565314,-0.039320782289943804,0.03932078228994386,-0.05850049300457967,0.05850049300457996
-0.011149199824679362,0.011149199824679658,0.010024588200509702,-0.010024588200509386,0.07483586551138545,-0.07483586551138577,-0.030534966675261902,0.030534966675261194,-0.034518316182457404,0.03451831618245643
0.0666295979932757,-0.0666295979932768,-0.04861849347767996,0.04861849347767868,0.01700382818677542,-0.017003828186774938,0.06698546721244375,-0.06698546721244315,0.05785765954621405,-0.057857659546214024
0.009783801349628573,-0.00978380134962855,0.03030631203854084,-0.030306312038540947,0.008589482740433125,-0.008589482740433052,-0.01658286833760686,0.01658286833760706,0.0006817651861720008,-0.0006817651861719507
0.09150935217312653,-0.09150935217312671,0.07187392985095542,-0.07187392985095584,0.07889438823623442,-0.078894388236234,0.04121823743461325,-0.04121823743461572,0.09318283650670468,-0.09318283650670488
-0.05098190877236339,0.05098190877236298,-0.03789508320220663,0.03789508320220495,-0.0034121480328923454,0.0034121480328925097,-0.030346245722606528,0.03034624572260497,0.06441525059923167,-0.06441525059923196
-0.03686457000618645,0.0368645700061857,-0.04980277327424386,0.04980277327424344,-0.0117071082065383,0.011707108206538369,-0.07243731577518778,0.07243731577518787,-0.1146132972708751,0.11461329727087403
-0.0019234905830096045,0.0019234905830096528,-0.06828365899074681,0.06828365899074625,-0.016859769853396458,0.01685976985339661,-0.050441192275103255,0.050441192275103346,-0.04922751293039753,0.04922751293039728
-0.05420611976923205,0.05420611976923221,-0.007956450029575108,0.00795645002957538,-0.01494082265979563,0.01494082265979574,-0.05420134675541631,0.05420134675541582,-0.12879387767811173,0.12879387767810999
-0.047752867552647765,0.04775286755264771,-0.07920826648170755,0.07920826648170703,-0.06105722826525592,0.06105722826525607,-0.05512690734645474,0.05512690734645472,-0.08692497446866757,0.08692497446866791
-0.07039107012210721,0.07039107012210763,-0.062135438035159446,0.06213543803515893,-0.04012078720615144,0.04012078720615082,-0.06478707520742605,0.06478707520742519,-0.11390214253965178,0.11390214253965081
0.012403545528996498,-0.012403545528996321,0.05615593358058468,-0.056155933580585723,0.011972386318929303,-0.011972386318929067,0.04806113641980704,-0.04806113641980774,0.10807096383756425,-0.10807096383756415
-0.05862286876206612,0.058622868762065676,-0.035049678029216776,0.035049678029216,0.00872353812939971,-0.008723538129399574,-0.0077482681914800965,0.007748268191480251,-0.07146621505090726,0.07146621505090744
0.007470216291187389,-0.007470216291187164,0.01854442661083195,-0.018544426610832256,-0.00934904232158232,0.009349042321582533,0.051676037903635376,-0.05167603790363561,0.1647689632480531,-0.16476896324805754
0.03420179818236858,-0.034201798182368605,-0.03167038258421891,0.03167038258421859,-0.04240204277133513,0.04240204277133537,-0.03850007789678127,0.03850007789678099,-0.05306575366781747,0.053065753667817364
-0.005054574164120575,0.005054574164120807,-0.009305005562112114,0.009305005562112714,-0.011459891633586013,0.01145989163358636,-0.01912945005397652,0.019129450053975393,-8.302928862144633e-05,8.302928862174596e-05
-0.06189578651524978,0.06189578651524964,-0.08424871359063209,0.0842487135906315,-0.06567015336814515,0.0656701533681457,0.006802796088135732,-0.0068027960881356896,-0.04124357686422803,0.04124357686422807
-0.033011982747996015,0.03301198274799589,-0.08842925384359068,0.08842925384359034,-0.058805075412427944,0.05880507541242823,-0.03697273885832151,0.03697273885832101,-0.04591516034382405,0.045915160343823876
-0.028605858930227577,0.028605858930225856,-0.005346917239672877,0.005346917239673259,-0.025668569721356106,0.025668569721354735,-0.043265759439571755,0.04326575943957101,-0.022407735693074544,0.022407735693073597
-0.008646676717588456,0.008646676717588855,-0.018330417786261263,0.018330417786261193,0.014426578903391912,-0.014426578903391779,0.015679224951624302,-0.015679224951624136,0.18248061165213977,-0.182480611652145
0.0025760366309820967,-0.0025760366309818357,0.016366380991225324,-0.016366380991225424,-0.05867663509122413,0.05867663509122395,-0.02044206094859261,0.020442060948591453,-0.011593230516507052,0.011593230516507399
-0.028646310576322522,0.028646310576321093,-0.00725758563538456,0.007257585635384748,0.016249256825778765,-0.016249256825778612,0.018722178669089647,-0.0187221786690896,-0.04963306773595312,0.04963306773595271
0.00032004551921569385,-0.00032004551921550173,0.016068807748096967,-0.01606880774809691,-0.009255784618875365,0.009255784618875756,-0.030742835940836488,0.03074283594083413,0.06118967088152312,-0.061189670881522946
-0.05312426256854316,0.053124262568542704,-0.01768094821004635,0.017680948210046583,-0.0038517129880694767,0.003851712988069904,-0.04902450291021706,0.049024502910216095,-0.1266707354980969,0.12667073549809518
-0.07169787257037036,0.0716978725703711,-0.06548544528156668,0.06548544528156644,-0.04002803679354024,0.04002803679354011,-0.05488149561677273,0.05488149561677252,-0.08207857099565277,0.08207857099565292
-0.040528912327891124,0.040528912327889716,-0.00397046142813623,0.0039704614281364,0.016746056611239617,-0.016746056611239884,0.010166644087727167,-0.010166644087727024,0.15548110044703617,-0.15548110044703875
0.02881219486886962,-0.02881219486887319,0.048110845145324536,-0.048110845145325785,0.0762351895593829,-0.07623518955938198,0.07720325427318336,-0.07720325427318289,0.07637745081545565,-0.07637745081545522
-0.05410895089457831,0.05410895089457787,-0.05801088199968633,0.0580108819996857,-0.017992781896456936,0.01799278189645675,-0.08188669128141238,0.0818866912814127,-0.1064049158052897,0.10640491580528946
0.006726321754273519,-0.00672632175427352,-0.0017330428030867997,0.0017330428030869302,0.00451470480995909,-0.0045147048099589936,-0.009874600472788549,0.009874600472788667,-0.027680655959450743,0.02768065595945039
0.005481169771507203,-0.0054811697715071595,0.006365292288087833,-0.0063652922880877965,-0.0029455166507482066,0.0029455166507482335,-0.011316123921984464,0.011316123921984588,-0.029376727345948636,0.029376727345948168
-0.04446394084453785,0.044463940844537385,-0.024904224241421965,0.02490422424142159,-0.030769738011192604,0.030769738011191695,-0.07114125904289162,0.0711412590428915,-0.11180490571605389,0.11180490571605341
0.03911584514638213,-0.0391158451463845,0.024240481654164567,-0.024240481654165633,0.042336021779621584,-0.04233602177962353,-0.012916479989543298,0.012916479989543978,0.08046550352129475,-0.08046550352129407
-0.01429913396347515,0.014299133963475265,0.017755363156210922,-0.017755363156210853,0.0004250771110208673,-0.0004250771110208498,-0.03290632578939352,0.032906325789393474,-0.0008766621802608584,0.0008766621802608822
-0.13334721043767317,0.1333472104376716,-0.041048375399514364,0.0410483753995132,-0.06288071540189676,0.06288071540189634,-0.0370435387188408,0.03704353871884054,-0.10202370821820052,0.10202370821819963
-0.0035844221604267165,0.0035844221604272035,0.007189764884858552,-0.007189764884857614,0.02968017301572536,-0.029680173015731063,0.10910560576289888,-0.10910560576289878,0.05254864227795838,-0.05254864227795858
-0.017127921952565302,0.01712792195256548,-0.04240162231815235,0.04240162231815219,-0.05808168513605585,0.05808168513605597,-0.0663814510556241,0.06638145105562408,-0.05675294241853491,0.056752942418534874
0.03728462032813726,-0.03728462032813697,0.03944450356587628,-0.03944450356587652,-0.012933542186351966,0.012933542186351989,-0.038448747428538564,0.03844874742853821,-0.037172527263563133,0.0371725272635633
