,project_name,num_commits,project_age_days,num_issues,num_pull,num_stargazers,num_watchers,num_forks,num_subscribers,num_contributors,project_size(kB),ssf_score,ssf0_Binary-Artifacts,ssf1_Branch-Protection,ssf3_CII-Best-Practices,ssf7_Dependency-Update-Tool,ssf8_Fuzzing,ssf9_License,ssf10_Maintained,ssf13_SAST,ssf17_Vulnerabilities,Generic policy,Reporting mechanism,Scope of practice,User guideline
0,django/django,0.19236710639066845,0.7734263233190272,0.1344960179731267,0.20107654214662504,0.4286857124449002,0.4286857124449002,0.4273677976823376,0.3019116677653263,0.8225469728601252,0.04342174537981938,6.3,10,3,0,0,10,10,10,0,10,1,0,0,0
1,pymysql/pymysql,0.006388919654671898,0.8226037195994277,0.00839610006192664,0.005415006997523953,0.04117517570186789,0.04117517570186789,0.019152343907724197,0.03005932762030323,0.2275574112734864,0.00022812863955230862,6.7,10,3,0,10,10,10,4,10,10,0,1,0,0
2,ome/omero-web,0.07824677785096795,0.29846208869814017,0.00423405389057707,0.004080094735708903,8.590465656929016e-05,8.590465656929016e-05,0.0004037739404298847,0.0015820698747528016,0.07515657620041753,0.004340036345974598,5.8,10,0,0,0,0,0,10,10,10,0,1,0,0
3,gradio-app/gradio,0.041691198330486685,0.33941344778254645,0.06824891628382564,0.04898266767143933,0.1800185768819831,0.1800185768819831,0.03418619362306357,0.02294001318391562,0.6805845511482255,0.04562852400770209,5.4,10,1,0,10,0,10,10,0,0,1,1,0,0
4,requests/requests,0.03671297078934636,0.851931330472103,0.04695623370825353,0.027441059317472278,0.27992032343103196,0.27992032343103196,0.12551985894830348,0.17481872116018457,0.8350730688935282,0.002151843540924913,8.6,10,6,0,10,10,10,10,10,10,0,1,0,1
5,microcosm-cc/bluemonday,0.0019644762076865235,0.671137339055794,0.0014617567003182741,0.0010011841963612875,0.01715408610868013,0.01715408610868013,0.002355347985840994,0.004878048780487805,0.056367432150313146,0.00010098845326973144,5.8,10,0,0,10,0,10,0,0,10,1,1,1,0
6,scrapy/scrapy,0.06160410849504801,0.9157725321888411,0.04642337658597002,0.03687156852190763,0.28416723489017626,0.28416723489017626,0.14183232614167082,0.23388266315095582,0.7807933194154488,0.004376879039024142,5.9,10,0,0,0,0,10,10,0,10,1,1,1,0
7,wandb/wandb,0.04187190682436883,0.4529685264663805,0.06280513271022654,0.05770265905910216,0.04872941643892984,0.04872941643892984,0.009044536265629417,0.007910349373764008,0.36534446764091855,0.023182442219884098,6.4,10,0,0,10,0,10,10,8,8,1,1,0,0
8,berriai/litellm,0.1060117635400211,0.03898426323319027,0.045588087042931005,0.031101302615997417,0.07170891207121496,0.07170891207121496,0.021090458821787644,0.00949241924851681,0.674321503131524,0.04558674702540484,5.3,10,0,0,10,0,9,10,9,0,1,1,0,1
9,aio-libs/aiosmtpd,0.004820836272275236,0.498211731044349,0.0036363898209888098,0.003531058240930132,0.0017234621724213839,0.0017234621724213839,0.001292076609375631,0.0017139090309822016,0.07306889352818371,0.0002111875798018488,7.3,10,3,0,10,0,10,10,10,10,0,0,0,0
10,mlflow/mlflow,0.03884066757215224,0.37464234620886977,0.09570545962527184,0.10086123371730003,0.1000574487390807,0.1000574487390807,0.05681099341848477,0.03994726433750824,0.9478079331941545,0.09147596598169412,7.2,10,4,0,10,0,10,10,0,0,1,1,1,0
11,prefecthq/prefect,0.10422799582621672,0.37035050071530756,0.10968935869925256,0.10342340402626762,0.08749389271582203,0.08749389271582203,0.02134618231739324,0.021226104152933422,0.5762004175365344,0.026977404080295357,6.9,10,6,0,10,0,10,10,8,2,0,1,0,0
12,scipy/scipy,0.19613283823092215,0.8476394849785408,0.15671039935481082,0.12267197760792335,0.07001766414500706,0.07001766414500706,0.06961062733011211,0.04588002636783124,0.8601252609603339,0.027006845339473343,5.8,10,3,0,0,10,10,10,0,10,0,0,0,0
13,octoprint/octoprint,0.053116638588841546,0.7290772532188841,0.036335095122197104,0.011303692539562924,0.04451471922599904,0.04451471922599904,0.02244983108790159,0.04416611733684904,0.5198329853862212,0.00905030886183546,5.7,10,3,0,10,0,10,10,0,10,1,0,0,0
14,nautobot/nautobot,0.06439051688458557,0.19760371959942777,0.043910307184930226,0.03269458499300247,0.005616016923217344,0.005616016923217344,0.0037281793833026018,0.005009887936717205,0.5156576200417536,0.024752039629579614,6.8,10,8,0,10,0,10,10,0,10,1,1,0,1
15,plone/plone,0.0015039610135997715,0.8120529327610873,0.00022322392960525368,0.00019377758639250726,0.0012832008075037717,0.0012832008075037717,0.0006998748300784668,0.024522083058668424,0.03549060542797495,0.0005083962688220519,4.0,10,0,0,0,0,0,6,0,10,0,1,0,0
16,saltstack/salt,0.7073455088109964,0.8506795422031473,0.48207727868427497,0.43475078049305627,0.07606320435107085,0.07606320435107085,0.07370220325980162,0.07013843111404086,0.6012526096033403,0.08993696116533438,6.8,6,8,0,10,0,10,10,0,10,0,1,0,1
17,apache/superset,0.09332719313074551,0.5624105865522174,0.19964140155824703,0.18264614059640435,0.3355274814365406,0.3355274814365406,0.1851034334244068,0.1996044825313118,0.883089770354906,0.15260950709246512,7.1,10,8,0,10,0,10,10,10,0,1,1,0,1
18,litestar-org/litestar,0.0170565500999726,0.1457439198855508,0.025893975834209427,0.02643987512111099,0.029492142408444427,0.029492142408444427,0.005033715124025896,0.005273566249176005,0.4321503131524008,0.019913804545894892,7.4,10,4,0,10,0,10,10,9,10,1,1,0,0
19,pallets/werkzeug,0.033087142299194974,0.873032904148784,0.0211774702248081,0.018839487565938205,0.035714860968682385,0.035714860968682385,0.023311215494152007,0.029400131839156227,0.8559498956158663,0.002595107191677236,6.7,10,3,0,10,0,10,10,0,10,1,1,0,1
20,pallets/jinja,0.016491107393309123,0.873211731044349,0.014207123003585984,0.010087199913876629,0.05543534869237005,0.05543534869237005,0.021763415389170784,0.03309162821357943,0.5553235908141962,0.0010871883975780536,7.1,10,3,0,10,10,10,10,0,10,1,1,0,1
21,nebari-dev/nebari,0.010259579007502318,0.2551859799713877,0.018628396964154557,0.012401765529120465,0.0014979624489269972,0.0014979624489269972,0.0012247809526373169,0.002109426499670402,0.13152400835073066,0.002687049447992838,7.6,10,6,0,10,0,10,10,9,10,1,1,1,0
22,element-hq/synapse,0.14163465405982034,0.013948497854077258,0.12874980197877212,0.009021423188717839,0.0079569188147305,0.0079569188147305,0.0024495619052746337,0.0023731048121292024,0.7745302713987473,0.07108633147601204,6.3,10,3,0,10,0,10,10,0,10,0,1,0,0
23,aws/sagemaker-python-sdk,0.02244282907891132,0.41112303290414876,0.03385802958077106,0.03454623748519754,0.011280355215754915,0.011280355215754915,0.01530303234229263,0.018193803559657218,0.9018789144050103,0.02473756571445301,6.9,5,8,0,10,0,10,10,10,0,0,1,0,0
24,eventlet/eventlet,0.014736486210776056,0.7326537911301859,0.007063957256217866,0.004693723759285176,0.00668445608929789,0.00668445608929789,0.004360758556642755,0.008305866842452207,0.29018789144050106,0.0015163070858202838,6.2,10,8,0,0,0,9,6,0,10,1,1,1,0
25,tqdm/tqdm,0.011623636670999785,0.5709942775393418,0.011254806515258436,0.006082463128431478,0.1535706807407129,0.1535706807407129,0.018250582107430788,0.027554383651944625,0.22338204592901875,0.0009993580489688733,6.4,10,3,5,0,10,9,10,0,10,1,1,1,0
26,aio-libs/aiohttp,0.06303228852734236,0.6800786838340486,0.06721200512694961,0.06831736462482506,0.0810993648424455,0.0810993648424455,0.027120149665540588,0.028740936058009228,0.8768267223382045,0.004910604659317755,6.7,10,3,0,10,10,9,10,10,10,0,1,0,0
27,pypa/pip,0.08657685648830933,0.848175965665236,0.09352362573267854,0.060501668640327265,0.05106494928940742,0.05106494928940742,0.04070041319533237,0.04192485168094924,0.8267223382045928,0.011781931389365917,6.2,0,3,2,10,10,10,10,0,10,1,1,0,0
28,wagtail/wagtail,0.1052306365019499,0.657725321888412,0.08730935956334519,0.0759069867585316,0.09785614191449266,0.09785614191449266,0.051844573951197195,0.044297956493078446,0.7098121085594989,0.03665880853691251,7.0,10,0,0,10,0,10,10,7,6,1,0,0,0
29,apache/airflow,0.1539519781750774,0.5801144492131617,0.27995161081267916,0.3116051243406179,0.19813909037706776,0.19813909037706776,0.19179262170419523,0.0999340804218853,0.8684759916492693,0.050089285963937254,7.8,10,6,0,10,10,10,10,0,9,1,1,0,0
30,fonttools/fonttools,0.06991669921362659,0.69241773962804,0.025541138009994673,0.02030358488534826,0.02325868576613531,0.02325868576613531,0.006164282157229573,0.015425181278839815,0.25052192066805845,0.004414215160998456,6.5,10,3,0,10,0,10,10,0,10,0,1,0,0
31,andialbrecht/sqlparse,0.007496487842981807,0.775035765379113,0.005638204415513343,0.0025621703089675958,0.020074844432035995,0.020074844432035995,0.009381014549320988,0.012392880685563611,0.17536534446764088,0.00024095779159634617,5.1,10,0,0,0,10,10,0,8,10,1,1,1,0
32,tornadoweb/tornado,0.027834937364104296,0.9452789699570815,0.02466264383541916,0.017192378081601893,0.11664241649798929,0.11664241649798929,0.07407905893753618,0.1294660514172709,0.7536534446764092,0.0017108825584881864,6.4,10,3,0,10,0,10,10,0,10,1,1,1,0
33,moinwiki/moin,0.031116836785254186,0.3617668097281831,0.012838976338263463,0.007761868877166541,0.0016375575158520937,0.0016375575158520937,0.0012382400839849796,0.0034278180619644032,0.12943632567849683,0.001845259702334067,5.8,10,3,0,0,0,9,10,0,10,1,1,1,0
34,ansible/ansible,0.31855409887669267,0.782725321888412,0.6041087604591212,0.5528474539778232,0.33687511073647136,0.33687511073647136,0.3212963835314069,0.25128543177323664,0.7828810020876826,0.042113007395019296,5.3,10,3,2,0,10,10,10,0,5,1,1,1,0
35,jelmer/dulwich,0.026826467382116855,0.9758583690987125,0.009879459078013164,0.009247497039509096,0.011038748369153785,0.011038748369153785,0.005316356882326815,0.0068556361239288065,0.394572025052192,0.0027740574150607335,6.0,10,3,0,10,10,9,10,0,2,1,1,1,0
36,sqlalchemy/sqlalchemy,0.10018245728575842,0.34334763948497854,0.0631435689905958,0.009182904510711595,0.05158037722882316,0.05158037722882316,0.01927347608985316,0.013579433091628214,0.847599164926931,0.014941027842056033,5.8,10,3,0,10,10,10,10,0,10,1,1,1,0
37,pywbem/pywbem,0.017283893043888846,0.5486409155937053,0.023308898713942136,0.0227258047152546,0.00022013068245880601,0.00022013068245880601,0.0003499374150392334,0.0007910349373764008,0.014613778705636741,0.007542554544044534,4.8,6,3,0,10,0,10,10,0,10,1,1,1,0
38,plone/products.cmfplone,0.03647396923292159,0.8120529327610873,0.02904071316445123,0.015760577026590592,0.0013422602588951586,0.0013422602588951586,0.0025303166933606106,0.022676334871456823,0.3507306889352818,0.02149228367623628,6.9,10,8,0,0,0,10,10,0,10,1,1,1,0
39,latchset/jwcrypto,0.0018129142450756936,0.5872675250357654,0.00242666013796679,0.001980837549790074,0.0023462709325487376,0.0023462709325487376,0.001588177499024213,0.0025049439683586024,0.07306889352818371,0.00011628474993762236,4.1,10,6,0,0,0,10,0,9,2,1,1,1,0
40,netflix/lemur,0.037680635627553964,0.5686695278969957,0.03547100249146709,0.04720637312950802,0.009240119622234273,0.009240119622234273,0.0043472994252950915,0.05589980224126565,0.24843423799582462,0.001817792158855166,7.5,10,8,0,10,0,10,10,10,6,0,0,0,0
41,adobe/ops-cli,0.0011192268008184346,0.33190271816881256,0.0011809265953310196,0.001388739369146302,0.0010308558788314818,0.0010308558788314818,0.0005114469912111873,0.0032959789057350032,0.05427974947807933,6.85866205431238e-05,5.4,10,0,0,10,0,10,0,7,8,1,1,0,1
42,borgbackup/borg,0.05117547960617207,0.574928469241774,0.05942797067845673,0.0441274625901604,0.05995608124432895,0.05995608124432895,0.009986675459965814,0.019775873434410018,0.6054279749478079,0.005379526614158153,6.4,10,0,2,10,0,9,10,10,10,1,1,1,0
43,zopefoundation/zodb3,5.829306254262674e-06,0.7162017167381974,7.200771922750119e-06,0.0,1.073808207116127e-05,1.073808207116127e-05,5.383652539065129e-05,0.01067897165458141,0.006263048016701461,1.1842294194496195e-05,3.0,10,0,0,0,0,0,0,0,10,1,1,1,0
44,httplib2/httplib2,0.003101190927267746,0.5221745350500715,0.0017353860333827787,0.0013133814188825493,0.00262009202536335,0.00262009202536335,0.002476480167969959,0.0035596572181938032,0.11899791231732776,0.0006213914925945365,5.7,10,3,0,10,10,9,0,0,10,1,1,1,0
45,ipython/ipython,0.15833561647828293,0.9018240343347639,0.10436798824834023,0.07675745505436538,0.0875314760030711,0.0875314760030711,0.05979892057766592,0.0978246539222149,0.8768267223382045,0.012980799200250399,6.5,10,3,2,10,10,10,10,0,10,1,1,0,0
46,python-imaging/pillow,0.10928783365491673,0.757689556509299,0.059932024713049245,0.05542038970825707,0.06565263378308,0.06565263378308,0.029960026379897444,0.02900461437046803,0.7995824634655532,0.033594285961470106,7.8,10,0,0,10,10,9,10,0,10,0,1,0,0
47,apache/qpid-python,0.006050819891924662,0.4996423462088698,0.00018001929806875296,0.0002691355366562601,8.053561553370952e-05,8.053561553370952e-05,0.0002691826269532564,0.001977587343441002,0.029227557411273485,0.00023816169435597902,4.1,10,3,0,0,0,10,0,0,10,1,1,0,0
48,scalyr/scalyr-agent-2,0.014730656904521794,0.6187410586552218,0.009382605815343404,0.013273764667886748,0.00037583287249064445,0.00037583287249064445,0.0007806296181644437,0.0023731048121292024,0.07933194154488517,0.004131480387104859,4.8,9,8,0,10,0,10,10,7,0,0,1,0,0
49,home-assistant/core,0.4955551539811247,0.6825822603719599,0.9267609487737086,0.8121972225212617,0.3921708643619163,0.3921708643619163,0.41124375832783755,0.17626895187870797,0.8538622129436325,0.10907493096518152,7.2,10,6,0,10,0,10,10,7,7,1,0,0,0
50,cog-creators/red-discordbot,0.016625181437157164,0.5329041487839771,0.0448536083068105,0.04436430186241791,0.025787504093893788,0.025787504093893788,0.031023297756362807,0.02808174027686223,0.3507306889352818,0.013601039358687138,6.3,10,8,0,0,0,10,10,10,10,1,1,1,0
51,pyload/pyload,0.04565512658338531,0.7217453505007153,0.03204343505623803,0.013478307675745505,0.017809109115020965,0.017809109115020965,0.009569442388188267,0.017139090309822018,0.33611691022964507,0.00811328733369595,5.5,10,2,0,10,0,9,10,0,10,1,1,1,0
52,pydantic/pydantic,0.0189627332451165,0.4458154506437768,0.06212826014948803,0.04339541393045537,0.11233107654641804,0.11233107654641804,0.025330085196301432,0.015425181278839815,0.9686847599164926,0.02672707113912837,7.3,10,2,0,10,10,10,10,0,10,0,1,0,0
53,vyperlang/vyper,0.033699219455892555,0.47675250357653787,0.028860693866382476,0.02508343201636344,0.026120384638099788,0.026120384638099788,0.010700009421391944,0.02148978246539222,0.43006263048016696,0.0019918080929909572,6.5,10,8,0,0,0,9,10,10,10,1,1,1,1
54,keylime/keylime,0.011087340495607619,0.48086552217453504,0.012018088339069949,0.01278932070190548,0.0022711043580506086,0.0022711043580506086,0.0020323288334970864,0.003032300593276203,0.12734864300626303,0.002652180470642377,7.1,10,6,0,10,0,10,10,9,0,0,0,0,0
55,onnx/onnx,0.01670679172471684,0.42310443490701,0.0450840330083385,0.03694692647217138,0.095815906320972,0.095815906320972,0.04939501204592256,0.057613711272247854,0.6137787056367432,0.005791868718958181,8.1,10,8,5,10,0,10,10,10,10,1,1,0,1
56,mysql/mysql-connector-python,0.0070301433426407925,0.6257153075822603,0.0006984748765067616,0.001044245882226289,0.004703279947168636,0.004703279947168636,0.004024280272951184,0.008833223467369809,0.033402922755741124,0.003550550066341519,4.4,10,0,0,0,0,9,10,0,10,0,1,0,1
57,nfstream/nfstream,0.010708435589080544,0.2852288984263233,0.0012529343145585208,0.00048444396598126816,0.005809302400498247,0.005809302400498247,0.0016150957617195388,0.0035596572181938032,0.025052192066805843,0.01983617172839764,6.1,10,6,0,10,10,10,0,7,8,1,1,1,0
58,scikit-learn/scikit-learn,0.18563425766699507,0.8841201716738197,0.20978728919740194,0.193077833997201,0.3217451530982051,0.3217451530982051,0.3414985396842488,0.2822676334871457,0.8517745302713987,0.027045168319297198,8.9,10,3,0,10,10,10,10,10,10,1,1,1,0
59,airbnb/knowledge-repo,0.007636391193084111,0.49213161659513593,0.005537393608594841,0.005145871460867693,0.029422344874981878,0.029422344874981878,0.009273341498539684,0.023071852340145024,0.11273486430062629,0.01275793380256231,5.2,10,8,0,10,0,10,0,0,0,0,1,0,0
60,sanic-org/sanic,0.016829207156056358,0.5069742489270386,0.021595114996327606,0.017020131338141887,0.09705078575915556,0.09705078575915556,0.020848194457529712,0.05326301911667765,0.6033402922755741,0.0016992047406019471,5.7,10,2,0,0,0,10,5,10,10,1,0,0,0
61,elastic/apm-agent-python,0.021440188403178136,0.4331187410586552,0.015438455002376256,0.015233071374744321,0.0022120449066592215,0.0022120449066592215,0.002947549765138158,0.03111404087013843,0.40709812108559496,0.0014028184331230284,7.2,10,5,0,10,0,10,10,0,10,1,1,0,0
62,dbt-labs/dbt-core,0.040123114948090025,0.5209227467811158,0.07460719789161399,0.052309182904510705,0.05283673283114903,0.05283673283114903,0.021817251914561436,0.018325642715886617,0.5991649269311065,0.00790160632496933,6.5,10,8,0,10,0,10,10,9,4,0,0,0,0
63,numpy/numpy,0.21745061120276077,0.8792918454935622,0.19882051355905353,0.15911292927118095,0.14983382817994878,0.14983382817994878,0.13502200567975345,0.07870797626895187,0.9018789144050103,0.024556641775370428,7.9,10,3,0,10,10,9,10,9,10,0,0,0,0
64,jsonpickle/jsonpickle,0.009058741919124206,0.928826895565093,0.0038092083471348128,0.0022607385079125844,0.0067381464996536964,0.0067381464996536964,0.002355347985840994,0.004350692155570204,0.12943632567849683,0.0003699072172697492,5.8,10,0,0,0,10,10,10,0,10,1,1,1,1
65,jquery/jquery,0.039155450109882424,0.9737124463519312,0.038754554488241146,0.032769942943266225,0.31791165779880054,0.31791165779880054,0.27711005531702987,0.4179301252471984,0.6116910229645094,0.005660781101277438,8.0,10,8,0,10,0,10,10,10,10,1,1,1,0
66,esphome/esphome,0.044879828851568375,0.3853719599427754,0.05196077019456486,0.07480891376897406,0.04540598003790543,0.04540598003790543,0.04872205547853942,0.02254449571522742,0.9853862212943632,0.004620468451552598,6.8,10,2,0,10,0,9,10,7,6,0,1,1,1
67,getsentry/sentry,0.44004849982803546,0.8817954220314735,0.5670535881446491,0.6986327914737861,0.2095536716187122,0.2095536716187122,0.0563668420840119,0.0903098220171391,0.707724425887265,0.08654595311800205,7.6,6,8,0,10,0,9,10,9,6,1,1,0,0
68,benoitc/gunicorn,0.018414778457215807,0.9306151645207439,0.02348171724008814,0.012218753364194208,0.052740090092508574,0.052740090092508574,0.023580398121105264,0.02966381015161503,0.720250521920668,0.0007766571275890421,7.6,10,3,0,10,10,9,10,0,10,1,1,1,1
69,mindsdb/mindsdb,0.10929949226742526,0.3642703862660944,0.06901219810763715,0.059543546129830975,0.1433695027731097,0.1433695027731097,0.06553251053177028,0.05273566249176005,0.801670146137787,0.0415475378472321,5.1,10,4,0,10,0,9,10,3,0,0,1,1,1
70,langchain-ai/langchain,0.06816207803109352,0.0895922746781116,0.16872128692195804,0.16831736462482505,0.5052911899405647,0.5052911899405647,0.2046460921412132,0.09070533948582729,1.0,0.05846984729855065,5.7,10,3,0,10,0,10,10,0,0,1,1,1,1
71,run-llama/llama_index,0.0318804759045626,0.08655221745350503,0.08303210104123163,0.06606739153837873,0.1952720224640677,0.1952720224640677,0.06986635082571771,0.03216875411997363,0.9958246346555323,0.03971099538923565,6.2,10,8,0,10,0,10,10,10,0,1,1,1,0
72,bentoml/bentoml,0.019306662314117994,0.3209942775393419,0.03441968979074557,0.039918182796856494,0.03816851272194273,0.03816851272194273,0.01063271376465363,0.01028345418589321,0.4217118997912317,0.015298105907281744,7.2,10,6,0,10,0,10,10,9,7,1,1,1,0
73,zenml-io/zenml,0.03975003934781721,0.2140557939914163,0.022574419977821624,0.030530735278286144,0.02164797345546112,0.02164797345546112,0.005881640398928654,0.005405405405405405,0.20041753653444674,0.09477338700962828,5.4,10,3,0,10,0,10,10,8,0,0,1,0,0
74,microsoft/mssql-django,0.004628469165884568,0.2194206008583691,0.002988320347941299,0.002185380557648832,0.0018630572393464803,0.0018630572393464803,0.0015074227109382362,0.0031641397495056033,0.08768267223382045,0.0001977005225247837,5.6,10,6,0,0,0,9,0,10,10,1,1,0,1
75,kjd/idna,0.0019353296764152098,0.7027896995708154,0.0014113512968590234,0.0010550113036925394,0.0013261531357884168,0.0013261531357884168,0.0012247809526373169,0.001977587343441002,0.04592901878914405,0.00016727240549725876,7.0,10,6,0,0,10,10,10,8,10,1,1,1,0
76,huggingface/transformers,0.10067794831737076,0.34853361945636624,0.24481184382965854,0.193422327484121,0.720412557113174,0.720412557113174,0.36113541232048885,0.14831905075807514,0.8977035490605427,0.041331251501874285,4.9,10,1,0,10,0,10,10,0,0,1,1,0,1
77,cobbler/cobbler,0.055996315878447306,0.804005722460658,0.02644843527226119,0.022295187856604587,0.014061518472185683,0.014061518472185683,0.008802271901371487,0.01806196440342782,0.5135699373695198,0.010507404476683264,6.9,10,6,0,0,0,10,10,10,10,1,1,1,1
78,diracgrid/dirac,0.2156318676514308,0.8426323319027181,0.05510750752480666,0.0665733663472925,0.0006120706780561924,0.0006120706780561924,0.002368807117188657,0.0023731048121292024,0.1774530271398747,0.014517007919369766,6.2,10,6,0,0,0,10,10,0,10,1,1,1,0
79,tensorflow/tensorflow,1.0,0.5430972818311874,0.5640364647090168,0.4133491226181505,1.0,1.0,1.0,1.0,0.8455114822546972,0.17878953003033107,7.7,7,7,5,10,10,10,10,0,10,1,1,0,1
80,croatiacontrolltd/asterix,0.002862189370842976,0.7065450643776824,0.0016777798580007778,0.0009365916675637851,0.0009073679350131273,0.0009073679350131273,0.0012113218212896541,0.0036914963744232037,0.033402922755741124,0.0005217188497908601,4.0,10,0,0,0,0,10,0,8,10,1,1,0,0
81,mobsf/mobile-security-framework-mobsf,0.011349659277049439,0.5929899856938483,0.017080231000763283,0.009516632576165357,0.09313675484421727,0.09313675484421727,0.04339223946486494,0.07620303230059328,0.17327766179540707,0.24996122471032842,6.5,2,8,0,10,0,10,10,10,10,1,1,1,0
82,voila-dashboards/voila,0.008440835456172361,0.36087267525035766,0.010765154024511428,0.008127893207019055,0.029239797479772137,0.029239797479772137,0.0067834021992220625,0.009624258404746209,0.14196242171189977,0.0037862446160736446,5.7,10,6,0,10,0,9,10,0,2,0,1,0,0
83,saleor/saleor,0.125959649542108,0.7213876967095851,0.11215922346875586,0.12119711486704704,0.11134854203690679,0.11134854203690679,0.07389063109866889,0.04930784442979565,0.5177453027139874,0.0427169643989386,6.1,10,6,0,10,0,10,10,10,2,1,1,1,0
84,jupyterhub/jupyterhub,0.045013902895416416,0.634656652360515,0.03495974768495183,0.026073850791258478,0.04176577021578176,0.04176577021578176,0.027093231402845263,0.03520105471324984,0.6555323590814196,0.005497785079794858,5.9,10,3,0,10,0,9,10,0,2,0,1,0,0
85,ansys/pyansys-geometry,0.006272333529586644,0.09799713876967098,0.010563532410674424,0.012735493594574227,0.00023623780556554792,0.00023623780556554792,0.00016150957617195387,0.0009228740936058009,0.056367432150313146,0.03635025098262258,6.8,9,8,0,10,0,10,10,9,10,1,1,1,0
86,paddlepaddle/paddle,0.2996205121628475,0.4924892703862661,0.4954851160044357,0.5429540316503391,0.11926250852335264,0.11926250852335264,0.07508849378861089,0.0945286750164799,0.7473903966597076,0.0770614268023684,6.4,10,8,0,0,0,10,10,0,5,1,1,0,1
87,jhpyle/docassemble,0.024797868805633443,0.5793991416309012,0.005746215994354595,0.004639896651953924,0.004203959130859637,0.004203959130859637,0.003418619362306357,0.0065919578114700065,0.060542797494780795,0.05143322187870431,6.9,10,0,0,10,0,10,10,10,10,0,1,0,0
88,qiskit/qiskit-ibm-runtime,0.010236261782485268,0.15128755364806867,0.014257528407045236,0.013262999246420498,0.0008214632784438371,0.0008214632784438371,0.0020727062275400746,0.001977587343441002,0.19206680584551145,0.0038500614236773186,5.7,10,8,0,0,0,10,10,0,1,1,1,1,0
89,psf/black,0.011098999108116143,0.3894849785407725,0.032050635828160784,0.019517709118311983,0.20861408943748558,0.20861408943748558,0.0330152491958169,0.03005932762030323,0.8997912317327765,0.001036529694634931,6.7,10,3,0,10,10,10,10,0,10,1,1,1,0
90,jazzband/djangorestframework-simplejwt,0.0035617061213544976,0.44545779685264664,0.0059622391520370984,0.0038001937775863923,0.02149227126542928,0.02149227126542928,0.008909944952152788,0.007382992748846407,0.21503131524008348,0.00013010075983120123,5.4,10,6,0,0,0,10,0,0,10,0,1,0,0
91,jamestheawesomedude/pypqc,0.008878033425242063,0.025035765379113027,0.0001584169823005026,1.0765421466250403e-05,0.0,0.0,1.3459131347662823e-05,0.00013183915622940013,0.050104384133611686,0.0012541318504587986,3.9,10,0,0,0,0,9,0,0,10,1,1,1,0
92,astropy/astropy,0.22477221985811469,0.8238555078683834,0.1242493195270533,0.11928086984605447,0.02374189945933757,0.02374189945933757,0.023836121616710858,0.01858932102834542,0.9018789144050103,0.02730586326788437,6.5,10,8,0,10,0,10,10,7,10,1,1,1,0
93,dan1hc/fgr,0.00019819641264493115,0.0,0.0002880308769100048,0.00015071590052750567,0.0,0.0,0.0,0.00013183915622940013,0.0020876826722338203,6.46391891449584e-05,6.1,10,6,5,10,0,10,0,8,10,1,1,1,0
94,vantage6/vantage6,0.041143243542586,0.11695278969957082,0.011146794936417183,0.00877381849499408,0.0001557021900318384,0.0001557021900318384,0.00014805044482429106,0.0005273566249176005,0.03549060542797495,0.0072858070268555265,6.6,9,8,0,10,0,10,10,7,0,1,1,1,0
95,ckan/ckan,0.15394031956256887,0.8036480686695279,0.05764217924161471,0.04903649477877058,0.02386538740315592,0.02386538740315592,0.026783671381849016,0.025840474620962426,0.6075156576200417,0.035253851911782146,6.6,10,0,0,10,0,9,10,10,7,1,1,1,0
96,gotomain/libosdp,0.006598774679825354,0.29130901287553645,0.0013465443495542723,0.0006459252879750242,0.0007462967039457083,0.0007462967039457083,0.0009690574570317232,0.001977587343441002,0.037578288100208766,0.0004687574785321411,5.2,10,3,0,0,0,10,10,0,10,1,1,1,0
97,neutronx/django-markdownx,0.0025823826706383676,0.6092632331902718,0.0019658107349107825,0.0011841963612875444,0.004595899126457023,0.004595899126457023,0.002059247096192412,0.0031641397495056033,0.05427974947807933,0.002729648811831373,4.6,10,0,0,10,0,9,1,0,10,1,1,0,0
98,dpgaspar/flask-appbuilder,0.023095711379388737,0.67310443490701,0.01641055921194752,0.01069006351598665,0.025132481087552953,0.025132481087552953,0.018290959501473775,0.02030323005932762,0.3569937369519833,0.007248306428572955,5.9,10,8,0,10,0,10,7,8,0,1,1,0,0
99,apache/age,0.004313686628154383,0.23927038626609445,0.014696775494332993,0.01412423296372053,0.016622551046157646,0.016622551046157646,0.0055047847211940944,0.008833223467369809,0.17536534446764088,0.007832032846576664,6.0,10,0,0,10,0,10,10,0,10,1,1,0,0
100,pretix/pretix,0.07076777792674895,0.6189198855507868,0.029299940953670233,0.03042308106362364,0.010018630572393465,0.010018630572393465,0.006325791733401527,0.0064601186552406065,0.6680584551148225,0.09223420176275839,6.3,10,3,0,10,0,9,10,0,1,1,1,1,0
101,alexlancaster/pypop,0.01478894996706442,0.6763233190271817,0.0015985713668505265,0.0016255786414038108,0.00011811890278277396,0.00011811890278277396,0.00020188697021494235,0.001054713249835201,0.0208768267223382,0.009898842136132764,6.7,10,5,2,10,0,10,10,10,10,1,1,0,0
102,allegroai/clearml,0.014089433216552899,0.3084763948497854,0.009569825885334908,0.0029281946388201095,0.030351188974137328,0.030351188974137328,0.008761894507328498,0.012524719841793012,0.19624217118997908,0.008165919752338154,5.4,10,1,0,10,0,10,10,7,0,0,1,0,0
103,sybrenstuvel/python-rsa,0.0034043148524894053,0.5295064377682404,0.0017065829456917782,0.001281085154483798,0.0026039849022566077,0.0026039849022566077,0.001520881842285899,0.0014502307185234014,0.07306889352818371,0.00018092393908258076,5.7,10,3,0,10,10,9,0,0,0,1,1,1,0
104,apache/libcloud,0.05895177414935848,0.9286480686695279,0.014646370090873741,0.019646894175906985,0.010952843712584495,0.010952843712584495,0.012463155627935775,0.011074489123269611,0.674321503131524,0.005763907746554509,6.5,10,3,0,10,0,10,0,10,10,0,0,0,0
105,locustio/locust,0.031280057360373544,0.8512160228898427,0.020947045523280097,0.013262999246420498,0.13374281219631362,0.13374281219631362,0.0401485888100782,0.056295319709953856,0.5553235908141962,0.004547605446994795,4.8,10,3,0,10,0,10,10,0,0,1,1,1,1
106,pyca/cryptography,0.07403218942913604,0.6900929899856938,0.08510592335498365,0.09982775325653999,0.035682646722468896,0.035682646722468896,0.02051171617383814,0.017139090309822018,0.6075156576200417,0.009328438299097864,8.7,10,8,0,10,10,9,10,0,10,0,0,0,0
107,materialsproject/pymatgen,0.14984814657207646,0.8068669527896996,0.02914152397136973,0.02909893422327484,0.008080406758548856,0.008080406758548856,0.011628689484380679,0.014634146341463414,0.5156576200417536,0.17719443879285574,7.0,10,3,0,10,0,9,10,1,9,1,1,1,0
108,tiangolo/fastapi,0.029000798614956833,0.3413805436337625,0.05263044198338062,0.0416298848099903,0.4135128024783493,0.4135128024783493,0.08852070687357838,0.08978246539222148,0.9728601252609602,0.004045459277886505,6.4,10,3,0,10,0,10,10,0,10,1,1,1,1
109,marshmallow-code/webargs,0.010067211901111648,0.6554005722460657,0.007063957256217866,0.007417375390246528,0.007387800464958953,0.007387800464958953,0.002126542752930726,0.002900461437046803,0.12317327766179541,0.0005197451340917775,6.5,10,3,0,10,0,10,10,0,10,0,1,0,0
110,zopefoundation/zope,0.09423073560015623,0.7188841201716738,0.008590520903840892,0.00774033803423404,0.001911378608666706,0.001911378608666706,0.001359372266113945,0.011997363216875412,0.21294363256784965,0.026925100614269667,7.3,10,8,0,10,0,9,10,9,10,1,1,1,0
111,encode/starlette,0.008009466793356923,0.3710658082975679,0.01636015380848827,0.016632576165356874,0.05481790897327828,0.05481790897327828,0.012516992153326426,0.013711272247857613,0.55741127348643,0.0011238666143193402,6.6,10,8,0,10,0,10,10,0,10,0,1,0,0
112,theupdateframework/python-tuf,0.03660221397051537,0.7235336194563662,0.019564497314112073,0.019916029712563246,0.008740798805925274,0.008740798805925274,0.0036608837265642877,0.006064601186552406,0.1649269311064718,0.0030410024633616686,8.7,10,8,10,10,0,10,10,10,10,0,1,0,0
113,pylons/pyramid,0.06927547552565769,0.8719599427753933,0.027074902429540446,0.02912046506620734,0.021261402500899314,0.021261402500899314,0.011911331242681598,0.02148978246539222,0.580375782881002,0.004183290424205781,5.5,10,3,0,10,0,9,0,0,10,1,0,0,0
114,zopefoundation/products.sqlalchemyda,0.001334911132226154,0.6282188841201717,0.00012961389460950214,0.00013995047906125525,1.073808207116127e-05,1.073808207116127e-05,0.0001345913134766282,0.008833223467369809,0.016701461377870562,3.2237356418350755e-05,4.9,10,8,0,0,0,9,0,3,10,1,1,1,0
115,jupyterlab/jupyterlab,0.15250631022402025,0.5055436337625179,0.12104497602142951,0.0892130476908171,0.07603635914589295,0.07603635914589295,0.04549186395510034,0.04034278180619644,0.7536534446764092,0.042827656954395485,5.8,10,3,2,10,0,9,10,9,0,0,1,0,0
116,paramiko/paramiko,0.023305566404542195,0.9844420600858369,0.017742702017656292,0.008676929701797825,0.048906594793104004,0.048906594793104004,0.027025935746106948,0.04192485168094924,0.2839248434237996,0.001353475540645961,5.3,10,1,0,0,10,10,10,0,10,1,1,0,0
117,jupyter-lsp/jupyterlab-lsp,0.0170565500999726,0.29631616595135907,0.00792084911502513,0.005770265905910217,0.009691119069223045,0.009691119069223045,0.0019919514394540977,0.0026367831245880024,0.08768267223382045,0.0016500263244331366,4.9,10,0,0,10,0,10,3,10,0,0,1,0,0
118,geekan/metagpt,0.026954712119710632,0.043633762517882695,0.011031582585653182,0.009322854989772849,0.2396900989514263,0.2396900989514263,0.07160257876956622,0.11799604482531312,0.22546972860125258,0.027108491697976102,3.8,10,0,0,0,0,10,10,0,0,1,1,1,0
119,twisted/treq,0.006686214273639295,0.7696709585121602,0.0028155018217952965,0.0024006889869738397,0.003156996128921413,0.003156996128921413,0.0018842783886727952,0.0035596572181938032,0.09185803757828809,0.00016151573470826755,6.2,10,3,0,10,0,9,10,0,10,0,1,0,0
120,jupyter/nbconvert,0.023585373104746805,0.580829756795422,0.01572648587928626,0.0106577672515879,0.009315286196732402,0.009315286196732402,0.00763132747412482,0.0065919578114700065,0.5156576200417536,0.0008860338725798749,6.0,10,3,0,10,10,10,6,0,10,0,1,0,0
121,apache/iotdb,0.06693792371769836,0.3438841201716738,0.09904661779742789,0.13900312197222522,0.030066629799251555,0.030066629799251555,0.013674477449225429,0.016479894528675015,0.5553235908141962,0.04254804723035877,6.6,10,0,0,10,0,10,10,10,7,1,1,0,0
122,warner/python-ecdsa,0.004127148828017978,0.905758226037196,0.00241945936604404,0.0019700721283238236,0.004912672547556281,0.004912672547556281,0.004239626374513789,0.0064601186552406065,0.08977035490605427,0.00016348945040735023,6.2,10,0,0,0,10,9,10,10,10,1,1,1,1
123,hyperledger/aries-cloudagent-python,0.05648014829755111,0.30597281831187406,0.023899362011607646,0.021789213047690815,0.0022388901118371245,0.0022388901118371245,0.006917993512698691,0.003955174686882004,0.27139874739039666,0.012252333630980626,7.1,10,0,0,10,0,10,10,10,10,1,1,0,0
124,appwrite/sdk-for-cli,0.0009210303881735035,0.2244277539341917,0.0010441119287987674,0.000613629023576273,0.0004885827342378377,0.0004885827342378377,0.0003633965463868962,0.002241265655899802,0.022964509394572022,0.0001368442884697338,5.4,10,1,0,0,0,10,10,0,10,1,1,0,0
125,fabric/fabric,0.009245279719260611,0.9688841201716737,0.016655385457321027,0.005964043492302723,0.07985374732219078,0.07985374732219078,0.026097255683118215,0.06090969017798286,0.033402922755741124,0.0031701163653433287,3.7,10,0,0,0,0,10,0,0,10,1,1,0,0
126,pypa/virtualenv,0.004797519047258186,0.848175965665236,0.019823725103331077,0.01521154053181182,0.02587877779149866,0.02587877779149866,0.013822527894049719,0.022280817402768622,0.2588726513569937,0.026467527524698994,6.3,6,8,0,10,0,10,10,0,10,1,1,1,0
127,gitpython-developers/gitpython,0.024133327892647494,0.865343347639485,0.012774169390958712,0.0080094735708903,0.024821076707489273,0.024821076707489273,0.01220743213233018,0.013843111404087014,0.5720250521920668,0.0018498650389652599,8.1,10,6,0,10,10,10,10,10,10,1,1,1,0
128,py-pdf/pypdf,0.010189627332451165,0.7934549356223176,0.01876521163068681,0.015588330283130584,0.04434290991286046,0.04434290991286046,0.018829324755380288,0.019380355965721817,0.4613778705636743,0.003341665154855267,7.5,10,6,0,10,10,9,10,0,10,1,1,1,0
129,matrix-org/synapse,0.1365340110873405,0.6239270386266095,0.11964082549649323,0.10821401657874906,0.06346743408159869,0.06346743408159869,0.02866794977052181,0.03216875411997363,0.7828810020876826,0.07063862696493678,4.8,10,3,0,10,0,10,0,5,0,0,1,0,0
130,man-group/dtale,0.004663445003410144,0.3022174535050071,0.006394285467402105,0.00320809559694262,0.025556635329363822,0.025556635329363822,0.0054509481958034435,0.009887936717205009,0.04801670146137787,0.021663339036823447,4.7,10,0,0,10,0,10,10,0,4,1,1,0,0
131,tinymce/tinymce,0.1531242166869721,0.92310443490701,0.0697250745279894,0.03452470664226504,0.08056782977992301,0.08056782977992301,0.030067699430678746,0.03467369808833223,0.453027139874739,0.014985765397901907,7.8,10,10,0,10,10,9,10,7,0,1,1,1,0
132,simonrob/email-oauth2-proxy,0.0018362314700927443,0.1988555078683834,0.002138629261056785,0.00041985143718376575,0.004526101592994475,0.004526101592994475,0.0012651583466803053,0.0026367831245880024,0.016701461377870562,0.00025099084640001657,5.1,10,3,0,0,0,10,10,6,10,1,1,1,0
133,pyinstaller/pyinstaller,0.055425043865529565,0.8013233190271817,0.05671327966357994,0.026719776079233502,0.06369293380509307,0.06369293380509307,0.026110714814465877,0.03045484508899143,0.8204592901878913,0.010847377005850258,6.2,0,8,0,10,0,9,10,0,10,0,1,0,0
134,h2oai/h2o-3,0.18960401522614795,0.6527181688125894,0.11763181013004595,0.07418451932393154,0.037083966432755446,0.037083966432755446,0.026864426169934993,0.05088991430454845,0.36116910229645094,0.10278025817188202,6.5,8,8,0,10,0,10,10,0,10,1,1,0,0
135,sap/cloud-pysec,0.0010376165132587572,0.3129470672389127,0.00047525094690150786,0.0005490364947787706,5.369041035580635e-05,5.369041035580635e-05,0.0001211321821289654,0.001054713249835201,0.022964509394572022,3.602031150825926e-05,5.1,10,8,0,0,0,10,1,0,10,1,1,0,1
136,arjunsharda/searchor,0.0031828012148274235,0.09853361945636624,0.0012097296830220201,0.0013026159974162989,0.0004348923238820314,0.0004348923238820314,0.00045761046582053596,0.0006591957811470006,0.08768267223382045,0.00011973875241101709,7.2,10,8,0,10,0,10,6,8,10,0,1,0,0
137,jupyter-server/jupyter_server,0.07427119098556081,0.4858726752503576,0.010484323919524172,0.010786952309182904,0.0026093539432921883,0.0026093539432921883,0.004064657666994173,0.005009887936717205,0.8267223382045928,0.004243817705644317,5.8,10,3,0,10,10,10,2,0,9,0,1,0,0
138,ray-project/ray,0.1333512098725131,0.4797925608011445,0.34661635727349976,0.3159005275056518,0.18069507605246626,0.18069507605246626,0.07697277217728368,0.06235992089650626,0.8663883089770354,0.07240592489715708,6.0,8,8,0,10,0,10,10,0,0,1,1,0,0
139,urllib3/urllib3,0.024395646674089316,0.8131258941344778,0.025130694010397914,0.023931531919474648,0.020337927442779444,0.020337927442779444,0.015424164524421595,0.013315754779169412,0.6638830897703548,0.0012587371870899915,9.4,10,8,5,10,10,10,10,10,10,0,1,0,0
140,nautobot/nautobot-plugin-device-onboarding,0.003654975021422701,0.19760371959942777,0.0018866022437605313,0.0016471094843363116,0.00023623780556554792,0.00023623780556554792,0.0004172330717775475,0.0023731048121292024,0.06889352818371607,0.0007736965540404181,6.0,10,1,0,10,0,9,10,0,9,1,0,0,0
141,apache/submarine,0.006015844054399086,0.290414878397711,0.008093667641171134,0.011454408440090429,0.0037422216017997025,0.0037422216017997025,0.0033917010996110312,0.007778510217534607,0.13152400835073066,0.005049751616103085,4.7,6,3,0,10,0,10,0,0,0,1,1,0,0
142,ubertidavide/fastbots,0.0007694684255626738,0.018955650929899863,0.000302432420755505,0.0003875551727850145,9.127369760487079e-05,9.127369760487079e-05,5.383652539065129e-05,0.00026367831245880025,0.0020876826722338203,0.0004919486379963627,3.6,10,6,0,0,0,10,0,0,10,1,1,1,0
143,apache/arrow,0.09798480882790139,0.5246781115879828,0.3204775551939168,0.20191624502099256,0.0778242498107413,0.0778242498107413,0.04744343800051145,0.046275543836519446,0.7682672233820459,0.03308671207418934,6.6,10,3,0,10,10,10,10,0,2,1,1,0,0
144,web2py/web2py,0.04829580231656631,0.9999999999999999,0.017965925947261548,0.015426848961136828,0.011366259872324204,0.011366259872324204,0.01220743213233018,0.029400131839156227,0.3987473903966597,0.007096001367127074,4.3,10,0,0,0,0,9,10,0,10,1,1,0,0
145,httpie/cli,0.010306213457536418,0.7845135908440629,0.010729150164897677,0.006609968780277748,0.18136620618191385,0.18136620618191385,0.04947576683400853,0.01120632827949901,0.3089770354906054,0.0011314325244991574,4.6,10,0,0,10,0,10,1,0,10,1,1,0,0
146,pytorch/serve,0.022506951447708208,0.28809012875536477,0.024093782853521897,0.01839810528582194,0.022533865226331926,0.022533865226331926,0.011547934696294702,0.007382992748846407,0.3674321503131524,0.01670043091148,5.5,7,0,0,10,0,10,10,7,2,1,1,1,1
147,piccolo-orm/piccolo,0.010679289057809231,0.3488912732474964,0.006761524835462361,0.005533426633652708,0.007704573886058211,0.007704573886058211,0.0012113218212896541,0.001977587343441002,0.081419624217119,0.000720735182781699,5.7,10,3,0,10,0,10,10,0,7,1,1,1,0
148,ibis-project/ibis,0.051904142887954904,0.5793991416309012,0.07329665740167346,0.07558402411454408,0.028133775026442525,0.028133775026442525,0.007967805757816391,0.01120632827949901,0.3674321503131524,0.02291401688480885,5.1,10,1,0,10,0,10,10,7,9,1,1,1,0
149,ethyca/fides,0.01515619626108297,0.20028612303290416,0.038617739821708894,0.03509527397997631,0.0019274857317734479,0.0019274857317734479,0.0009690574570317232,0.002900461437046803,0.12317327766179541,0.01758630030775162,6.4,10,0,0,10,0,10,10,10,0,0,1,0,0
150,9001/copyparty,0.01924836925157537,0.31115879828326176,0.000777683367657013,0.00017224674346000645,0.004354292279855895,0.004354292279855895,0.0006325791733401526,0.001054713249835201,0.018789144050104383,0.0013455806778496302,3.8,10,0,0,0,0,10,10,0,10,0,1,0,0
151,modoboa/modoboa,0.02898914000244831,0.7101216022889842,0.020896640119820845,0.011454408440090429,0.016375575158520936,0.016375575158520936,0.005316356882326815,0.012129202373104811,0.1774530271398747,0.005186431428264563,5.2,9,3,0,10,0,10,10,0,0,1,1,1,0
152,apache/spark,0.24832261712533593,0.6537911301859799,0.3504615694802483,0.523953062762407,0.21261402500899315,0.21261402500899315,0.380610775380557,0.26605141727092946,0.707724425887265,0.07812180556170058,4.3,8,3,0,0,0,10,10,0,0,1,0,0,1
153,kiwitcms/kiwi,0.040601118060939564,0.4418812589413448,0.027535751832596454,0.03117666056626117,0.005272398296940184,0.005272398296940184,0.00395698461621287,0.0065919578114700065,0.1565762004175365,0.005023764359398496,8.0,9,8,0,10,0,10,10,10,7,1,1,1,1
154,indico/indico,0.14717832430762415,0.8226037195994277,0.047294669988622785,0.03199483259769619,0.009508571674013304,0.009508571674013304,0.005760508216799688,0.008174027686222808,0.20876826722338201,0.04252831007336794,5.9,10,1,0,10,0,10,10,10,2,1,1,1,0
155,pretalx/pretalx,0.03604260057010615,0.4579756795422031,0.01262295318058096,0.007320486597050275,0.003930138038045024,0.003930138038045024,0.0027725810576185415,0.0036914963744232037,0.1774530271398747,0.007656372149358303,5.2,10,3,0,10,0,10,10,0,5,1,1,1,0
156,geonode/geonode,0.11049450004954911,0.8975321888412017,0.09110416636663451,0.08889008504682959,0.00778510950159192,0.00778510950159192,0.015154981897468339,0.014634146341463414,0.49478079331941544,0.0760377262597775,6.5,9,6,0,10,0,9,10,10,0,1,1,1,0
157,in-toto/in-toto,0.012876937515666261,0.5075107296137339,0.005746215994354595,0.006771450102271504,0.004681803783026314,0.004681803783026314,0.0018439009946298068,0.005273566249176005,0.07724425887265135,0.00047270490993030646,7.7,10,8,10,10,0,9,4,0,10,0,1,0,0
158,wger-project/wger,0.04415116556978554,0.7256795422031473,0.012558146233276207,0.011056087845839165,0.016976907754505968,0.016976907754505968,0.007806296181644437,0.009624258404746209,0.34446764091858034,0.010142431548661221,6.0,10,0,0,10,0,10,10,10,8,1,1,1,0
159,matrix-org/sydent,0.0050831550537170575,0.6239270386266095,0.00424125466249982,0.004467649908493918,0.0015946051875674486,0.0015946051875674486,0.0011171079018560143,0.004746209624258405,0.081419624217119,0.00034753843934681196,4.6,10,1,0,10,0,10,0,0,0,0,1,0,0
160,open-telemetry/opentelemetry-python-contrib,0.012818644453123635,0.2814735336194564,0.020853435488284344,0.01840887070728819,0.003908661873902702,0.003908661873902702,0.00806201967725003,0.003032300593276203,0.6179540709812108,0.0012432764141138437,6.8,10,3,0,10,0,10,10,7,6,1,1,1,0
161,ikus060/rdiffweb,0.008889692037750588,0.7415951359084406,0.00012241312268675202,0.00018301216492625687,0.0006550230063408375,0.0006550230063408375,0.00037685567773455906,0.002241265655899802,0.01252609603340292,0.0042351004613067015,3.5,10,0,2,0,0,10,2,0,10,0,1,0,0
162,certifi/python-certifi,0.0015156196261082969,0.7950643776824035,0.0022898454714345377,0.001819356227796318,0.004461673100567508,0.004461673100567508,0.0033647828369157058,0.005009887936717205,0.07306889352818371,0.00021628634535781244,7.5,10,3,0,10,0,9,10,0,10,0,1,0,0
163,plone/plone.namedfile,0.0038823179653389448,0.8129470672389127,0.0011593242795627692,0.001281085154483798,4.8321369320225715e-05,4.8321369320225715e-05,0.0002422643642579308,0.02043506921555702,0.10229645093945719,0.00018898327818716844,4.1,10,3,0,0,0,0,0,0,10,0,1,0,0
164,facelessuser/pymdown-extensions,0.01041697027636741,0.6056866952789699,0.017368261877673288,0.02184304015502207,0.005143541312086248,0.005143541312086248,0.003418619362306357,0.0009228740936058009,0.09185803757828809,0.007911474903464744,5.4,10,1,0,10,0,9,10,0,4,1,1,1,0
165,ni/measurementlink-python,0.004383638303205536,0.1405579399141631,0.00727277964197762,0.009172139089245343,0.00010201177967603207,0.00010201177967603207,0.00020188697021494235,0.0015820698747528016,0.06889352818371607,0.002160725261570785,6.6,10,8,0,10,0,10,10,0,10,1,1,0,1
166,plone/plone.rest,0.0028505307583344508,0.5806509298998569,0.0013105404899405218,0.0012487888900850467,5.905945139138698e-05,5.905945139138698e-05,6.72956567383141e-05,0.02254449571522742,0.05427974947807933,7.993548581284933e-05,4.5,10,6,0,0,0,0,0,0,10,0,1,0,0
167,apache/avro,0.02647087970060683,0.9653075822603719,0.023200887135100882,0.0346861879642588,0.015715183111144518,0.015715183111144518,0.021951843228038063,0.014238628872775213,0.7244258872651357,0.00894816907440793,6.8,10,1,0,10,10,10,10,8,0,1,1,0,0
168,richardbarran/django-photologue,0.005129789503751159,0.7560801144492132,0.0016345752264642771,0.0009042954031650339,0.0036241026990169287,0.0036241026990169287,0.0032032732607437516,0.006064601186552406,0.08977035490605427,0.0009674496451670363,4.1,10,0,0,0,0,10,0,0,10,1,1,1,0
169,zopefoundation/restrictedpython,0.004243734953103232,0.7185264663805436,0.002066621541829284,0.0020238992356550758,0.0025073421636161563,0.0025073421636161563,0.0005114469912111873,0.01028345418589321,0.07933194154488517,0.0002917809708477257,6.2,10,8,0,0,0,9,10,10,10,1,1,1,0
170,wiremock/wiremock,0.0207115251213953,0.8093705293276109,0.02070942004982934,0.01494240499515556,0.03410414865800819,0.03410414865800819,0.0192600169585055,0.018325642715886617,0.4613778705636743,0.007685319979611516,6.1,7,3,0,10,0,10,10,0,9,0,1,0,0
171,pdm-project/pdm,0.016823377849802094,0.2727110157367668,0.020457393032533088,0.011938852406071697,0.0424744836324784,0.0424744836324784,0.005329816013674478,0.005141727092946605,0.40501043841336115,0.002084408254539587,4.3,0,3,0,10,0,10,10,0,0,1,1,1,0
172,vinitkumar/json2xml,0.002116038170297353,0.6956366237482117,0.0015769690510822761,0.0015932823770050597,0.0005261660214869022,0.0005261660214869022,0.0004306922031252103,0.00026367831245880025,0.022964509394572022,0.0001587196374679004,6.6,10,6,0,10,0,9,10,10,7,0,1,0,0
173,archivebox/archivebox,0.02555567861868759,0.44545779685264664,0.009814652130708411,0.00453224243729142,0.11792024826445748,0.11792024826445748,0.01569334715137485,0.022808174027686222,0.2463465553235908,0.0017834166104294755,6.1,10,1,0,10,0,10,10,7,10,1,1,0,1
174,zopefoundation/accesscontrol,0.002442479320536063,0.719062947067239,0.001087316560335268,0.0011841963612875444,6.442849242696761e-05,6.442849242696761e-05,0.00021534610156260516,0.008965062623599208,0.06889352818371607,0.00013536400169542178,5.7,10,8,0,0,0,9,6,0,10,1,1,1,0
175,pallets/flask,0.03103522649769451,0.9079041487839771,0.03772484410328788,0.027903972440521046,0.3648746597370244,0.3648746597370244,0.21817251914561436,0.27936717205009887,0.8350730688935282,0.0017380211493505735,6.6,10,3,0,10,10,10,10,0,4,1,1,0,1
176,snowflakedb/snowflake-connector-python,0.008609885337545978,0.5008941344778255,0.014977605599320248,0.014802454516094304,0.003162365169956994,0.003162365169956994,0.006339250864749189,0.005405405405405405,0.21294363256784965,0.003498740029240598,6.6,10,1,0,10,0,10,10,0,10,0,1,0,0
177,plannigan/hyper-bump-it,0.006418066185943211,0.08780400572246067,0.004046833820585567,0.005651846269781462,2.6845205177903176e-05,2.6845205177903176e-05,1.3459131347662823e-05,0.0003955174686882004,0.0041753653444676405,0.000798039047662438,8.2,10,3,5,10,0,10,10,10,10,1,1,1,0
178,zopefoundation/products.cmfcore,0.00452354165330784,0.573140200286123,0.001029710384953267,0.0010227150392937883,3.2214246213483805e-05,3.2214246213483805e-05,0.0002691826269532564,0.008965062623599208,0.08768267223382045,0.00034441338948993104,5.9,10,8,0,0,0,9,4,9,10,1,1,1,0
179,twisted/twisted,0.17831847831789538,0.8272532188841202,0.08887192707058197,0.022305953278070837,0.029975356101646686,0.029975356101646686,0.01578756107080849,0.022676334871456823,0.37160751565762,0.012577174339787988,6.7,10,1,0,0,0,9,10,0,10,0,1,0,1
180,oauthlib/oauthlib,0.009799063813415566,0.802038626609442,0.0063294785200973544,0.005404241576057703,0.015103112433088326,0.015103112433088326,0.0065411378349641315,0.008569545154911009,0.35490605427974947,0.0005011593112587486,6.1,10,6,0,0,10,10,5,0,10,1,1,1,0
181,encode/uvicorn,0.007513975761744595,0.4408082975679542,0.014905597880092747,0.014899343309290559,0.04565832496657772,0.04565832496657772,0.00995975719727049,0.012261041529334212,0.37160751565762,0.0005528048720514126,6.7,10,8,0,10,0,10,10,0,10,0,1,0,0
182,celery/celery,0.07396223775408489,0.9699570815450643,0.062445094114089036,0.03840025837011519,0.1330233606975458,0.1330233606975458,0.0627733886054994,0.06222808174027686,0.8225469728601252,0.005799928058062768,6.2,10,3,5,10,0,9,10,10,0,1,1,1,0
183,plone/plone.restapi,0.021889044984756363,0.6430615164520743,0.013134207987096217,0.011605124340617935,0.00045636848802435397,0.00045636848802435397,0.0010228939824223746,0.025840474620962426,0.18997912317327764,0.0077386103034867496,5.6,10,8,0,0,0,0,10,0,10,0,1,0,0
184,facebook/zstd,0.06285158003346022,0.5944206008583691,0.02976799112864899,0.029281946388201096,0.12690265391698388,0.12690265391698388,0.028250716698744266,0.05392221489782465,0.6471816283924843,0.006574446993644471,7.0,10,1,0,10,10,9,10,0,10,0,1,0,0
185,pytorchlightning/pytorch-lightning,0.060712224638145816,0.3213519313304721,0.12531503377162032,0.11078695230918291,0.15183111144518477,0.15183111144518477,0.04549186395510034,0.03295978905735003,0.9185803757828809,0.021560212391546377,4.9,10,1,0,10,0,10,10,0,8,0,0,0,0
186,python-rope/rope,0.01946988288923735,0.669349070100143,0.005357374310526088,0.0041339218430401555,0.010469630019382238,0.010469630019382238,0.002207297541016703,0.0035596572181938032,0.1336116910229645,0.0034790028722497712,4.7,9,3,0,0,0,10,0,10,10,1,1,1,0
187,theupdateframework/tuf,0.03660221397051537,0.7235336194563662,0.019564497314112073,0.019916029712563246,0.008740798805925274,0.008740798805925274,0.0036608837265642877,0.006064601186552406,0.1649269311064718,0.0030410024633616686,8.4,10,8,0,10,0,10,10,10,10,0,1,0,0
188,apragacz/django-rest-registration,0.003899805884101733,0.5339771101573676,0.0022106369802842862,0.001980837549790074,0.002910020241284704,0.002910020241284704,0.001130567033203677,0.002241265655899802,0.04592901878914405,0.000565798500403707,5.9,10,3,0,10,0,10,10,10,0,1,1,1,0
189,fortra/impacket,0.023439640448390236,0.5797567954220314,0.013155810302864467,0.009322854989772849,0.07237467315962695,0.07237467315962695,0.04800872151711329,0.04930784442979565,0.3903966597077244,0.0014288056898276173,4.8,10,3,0,0,0,9,10,0,9,0,0,0,0
190,dwisiswant0/apkleaks,0.0009093717756649782,0.2451716738197425,0.000662471016893011,0.00031219722252126173,0.026410312854021144,0.026410312854021144,0.00658151522900712,0.01041529334212261,0.018789144050104383,1.5954201900918483e-05,4.7,10,0,0,0,0,10,2,7,10,1,1,0,1
191,gallopsled/pwntools,0.02575387503133252,0.707796852646638,0.017836312052652046,0.015297663903541822,0.06482580146360059,0.06482580146360059,0.023001655473155764,0.03796967699406724,0.4926931106471816,0.004672278488653519,4.6,0,2,0,10,0,9,10,0,0,1,1,1,0
192,codingjoe/django-s3file,0.0019469882889237354,0.6076537911301859,0.0022034362083615364,0.0029066637958876087,0.00042415424181087015,0.00042415424181087015,0.00021534610156260516,0.0013183915622940012,0.02713987473903966,0.00011332417638899831,6.3,10,0,0,10,0,10,9,10,9,1,1,0,1
193,nltk/nltk,0.08546928829999942,0.9456366237482117,0.02379135043276639,0.01607277424911185,0.07282567260661572,0.07282567260661572,0.03885651220070257,0.06104152933421226,0.7724425887265135,0.058110302088701084,5.2,10,0,0,0,0,10,10,0,10,1,1,0,0
194,nuitka/nuitka,0.07574600546788927,0.7088698140200286,0.020644613102524592,0.004618365809021423,0.06414930229311742,0.06414930229311742,0.008640762325199532,0.018193803559657218,0.3465553235908142,0.009541764070907052,5.4,10,0,0,0,0,10,10,0,7,1,1,1,0
195,pylons/waitress,0.005928404460585146,0.7970314735336195,0.0031971427337010526,0.0022069114005813326,0.007742157173307275,0.007742157173307275,0.002220756672364366,0.005009887936717205,0.10229645093945719,0.00028931382622387233,5.8,10,3,0,10,0,9,10,0,10,1,0,0,0
196,mozilla/bleach,0.005281351466361988,0.9163090128755365,0.005292567363221337,0.003843255463451394,0.014233327785324263,0.014233327785324263,0.0033917010996110312,0.005932762030323006,0.1356993736951983,0.00020016766714863707,6.8,10,8,0,10,10,9,10,0,10,1,1,1,0
197,pyeve/eve,0.01972637236442491,0.7415951359084406,0.011053184901421433,0.0060501668640327265,0.03602626534874606,0.03602626534874606,0.01001359372266114,0.02953197099538563,0.34446764091858034,0.0031822876121543387,4.1,10,0,0,0,0,9,6,0,10,1,1,0,0
198,jupyter/notebook,0.07901624627653063,0.580829756795422,0.053321716087964634,0.026558294757239746,0.06285536340354249,0.06285536340354249,0.06651502712014967,0.04284772577455504,0.778705636743215,0.006650764000675668,5.0,10,3,0,10,0,10,10,0,0,1,0,0,0
199,tomato42/tlslite-ng,0.010043894676094598,0.6384120171673819,0.0038020075752120625,0.0038324900419851433,0.0012402484792191266,0.0012402484792191266,0.0010767305078130257,0.002768622280817403,0.07515657620041753,0.0007095507938202303,5.8,10,8,0,0,0,9,10,0,9,0,1,1,1
200,yaml/pyyaml,0.0017837677138043803,0.8048998569384835,0.005969439923959849,0.003046614274948864,0.013728637927979683,0.013728637927979683,0.0069718300380893425,0.0071193144363876065,0.07515657620041753,0.0001347060964623942,5.5,10,1,0,0,10,10,10,0,10,1,1,0,0
201,lxml/lxml,0.03723760835223,0.8522889842632332,0.0027506948744905452,0.004112391000107654,0.01445882750881865,0.01445882750881865,0.007658245736820146,0.01081081081081081,0.31941544885177453,0.003429166550847933,6.8,10,3,0,10,10,9,10,0,10,0,1,0,0
202,python/typed_ast,0.0010842509632928586,0.5248569384835479,0.0014041505249362733,0.0011626655183550436,0.0012241413561123848,0.0012241413561123848,0.0007267930927737924,0.0026367831245880024,0.050104384133611686,0.0002842150606679087,4.4,10,3,0,0,0,9,0,0,10,1,1,0,0
203,pylons/colander,0.00619655254828123,0.8513948497854077,0.0026282817518037934,0.0024437506728388412,0.002410699424975705,0.002410699424975705,0.0019515740454111093,0.0036914963744232037,0.17954070981210854,0.0003699072172697492,4.9,10,0,0,10,0,9,1,0,10,1,0,0,0
204,fief-dev/fief,0.007199193224014411,0.1407367668097282,0.0014833590160865245,0.0012918505759500485,0.003012032020960736,0.003012032020960736,0.0006729565673831412,0.0006591957811470006,0.02713987473903966,0.0007181035618495887,5.7,10,0,0,10,0,9,10,9,10,1,1,1,0
205,gerapy/gerapy,0.0035675354276087606,0.4354434907010014,0.002253841611820787,0.0010657767251587898,0.017959442264017224,0.017959442264017224,0.008654221456547194,0.016479894528675015,0.018789144050104383,0.006307337469035278,5.2,10,0,0,10,0,10,0,9,0,1,1,1,0
206,jupyter/jupyter_core,0.003625828490151387,0.5835121602288984,0.0028875095410227977,0.0029389600602863597,0.0010523320429738044,0.0010523320429738044,0.002436102773926971,0.005273566249176005,0.11273486430062629,0.00010296216896881414,5.1,10,3,0,10,0,10,0,7,10,0,1,0,0
207,miurahr/py7zr,0.0105277270951984,0.3238555078683834,0.004190849259040569,0.0040477984713101515,0.002459020794295931,0.002459020794295931,0.0009690574570317232,0.0017139090309822016,0.09603340292275574,0.0052634063405287874,6.7,8,3,0,10,0,10,10,9,10,0,0,0,0
208,encode/httpx,0.008528275049986302,0.32045779685264664,0.017915520543802296,0.017472279039724405,0.07093040112105577,0.07093040112105577,0.011278752069341445,0.015161502966381014,0.44467640918580376,0.001353475540645961,7.4,10,8,0,10,10,10,10,0,10,0,1,0,0
209,aaugustin/websockets,0.008796423137682384,0.7131616595135908,0.010981177182193932,0.004295403165033911,0.02789753722087698,0.02789753722087698,0.006931452644046354,0.013974950560316413,0.1356993736951983,0.0006011609066789387,6.5,10,0,5,10,10,10,10,0,10,1,1,1,0
210,qutebrowser/qutebrowser,0.1470733967950474,0.6321530758226037,0.05608681250630068,0.024157605770265905,0.05200453147063403,0.05200453147063403,0.013580263529791787,0.02148978246539222,0.720250521920668,0.010437008616749314,6.8,10,3,0,10,0,10,10,8,10,0,0,0,0
211,encode/django-rest-framework,0.051344529487545684,0.8488912732474964,0.06250990106139379,0.05122187533641941,0.15223378952285332,0.15223378952285332,0.09204699928666604,0.08266315095583388,0.8058455114822546,0.008818397267193244,6.9,10,6,0,10,0,9,10,0,10,1,1,0,0
212,aio-libs/aiohttp-session,0.005275522160107726,0.5958512160228898,0.0073879919927416215,0.010001076542146626,0.0012724627254326105,0.0012724627254326105,0.001130567033203677,0.0018457481872116018,0.09394572025052192,0.00014901553528074378,5.9,10,3,0,10,0,9,10,9,10,0,1,0,0
213,jaraco/keyring,0.012999352947005778,0.5886981402002861,0.005011737258234083,0.0018839487565938207,0.006748884581724858,0.006748884581724858,0.0021400018842783887,0.002768622280817403,0.20876826722338201,0.0006513261806972907,6.5,10,0,0,10,0,10,10,0,10,0,1,0,0
214,tweepy/tweepy,0.017954263263129055,0.9569027181688127,0.013407837320160721,0.006190117343093982,0.05641251416084573,0.05641251416084573,0.06193892246194431,0.035464733025708635,0.40918580375782876,0.002276023153658866,3.5,10,1,0,0,0,10,0,0,10,1,1,1,0
215,pypa/setuptools,0.09152593749817835,0.517346208869814,0.03142416867088152,0.019119388524060716,0.013438709712058329,0.013438709712058329,0.015975988909675772,0.012920237310481213,0.8037578288100208,0.007642227186848211,6.0,2,0,0,10,10,10,10,0,10,0,1,0,0
216,mitmproxy/mitmproxy,0.06254845610823856,0.9166666666666666,0.04584731483215001,0.0321455484982237,0.19664112792814076,0.19664112792814076,0.054186462805690526,0.08239947264337508,0.8392484342379958,0.010345395313050225,6.2,6,3,0,10,0,10,10,3,4,1,1,1,0
217,janeczku/calibre-web,0.025141797874634938,0.5602646638054363,0.02308567478433688,0.0074389062331790285,0.06950223620559132,0.06950223620559132,0.01864089691651301,0.02201713909030982,0.45720250521920663,0.01637443886851484,5.3,10,0,0,10,0,10,10,0,10,1,1,1,1
218,dask/distributed,0.03438707759389555,0.5527539341917024,0.0634460014113513,0.05572182150931208,0.00846160867207508,0.00846160867207508,0.009677115438969569,0.007514831905075807,0.6346555323590813,0.0450344355822782,6.2,10,0,0,10,0,10,10,0,10,0,0,0,0
219,geopython/pycsw,0.018898610876319607,0.8143776824034334,0.007445598168123623,0.005974808913768974,0.0011060224533296107,0.0011060224533296107,0.0020861653588877373,0.0026367831245880024,0.09812108559498955,0.0014396611261725722,5.9,10,0,0,0,0,10,10,0,10,1,1,1,0
220,jazzband/tablib,0.0069193865238098015,0.8444206008583691,0.004320463153650071,0.0037033049843901386,0.02476738629713347,0.02476738629713347,0.007981264889164053,0.017666446934739618,0.2275574112734864,0.00033980805285873804,5.8,10,6,0,0,0,10,3,0,10,0,1,0,0
221,plone/plone.app.contenttypes,0.01363474732872041,0.8043633762517882,0.005069343433616084,0.004403057379696415,7.516657449812888e-05,7.516657449812888e-05,0.0006460383046878155,0.02096242584047462,0.18371607515657618,0.0006195822532037106,5.6,10,3,0,0,0,0,10,0,10,0,1,0,0
222,freetakteam/freetakserver,0.011064023270590568,0.2655579399141631,0.005054941889770583,0.002034664657121326,0.0036187336579813476,0.0036187336579813476,0.00228805232910268,0.007910349373764008,0.07306889352818371,0.003139194819391033,6.0,10,0,0,10,0,10,10,9,8,1,1,1,0
223,python-ldap/python-ldap,0.005491206491515445,0.4093347639484978,0.004154845399426819,0.003337280654537625,0.0021529854552678343,0.0021529854552678343,0.0016150957617195388,0.002768622280817403,0.06263048016701461,0.00020279928808074733,5.5,10,8,0,0,0,9,1,0,10,1,1,1,0
224,google/protobuf,0.11079762397477076,0.621244635193133,0.1355977360773075,0.13474001507159006,0.3521392944006271,0.3521392944006271,0.2083877306558635,0.27013843111404084,0.7745302713987473,0.02838630813682389,6.0,10,6,0,10,10,9,10,0,7,0,0,0,0
225,horazont/aioxmpp,0.011582831527219947,0.6226752503576538,0.0011233204199490186,0.001679405748735063,0.0011704509457565785,0.0011704509457565785,0.0006594974360354783,0.002768622280817403,0.02713987473903966,0.000902645979713821,4.2,10,3,0,0,0,10,0,0,10,1,1,1,0
226,sh4nks/flask-caching,0.004290369403137333,0.5,0.004154845399426819,0.003671008719991387,0.004799922685809087,0.004799922685809087,0.0026110714814465874,0.002241265655899802,0.1983298538622129,0.0001761541261431309,5.1,10,0,0,10,0,9,0,0,10,0,1,0,0
227,weblateorg/weblate,0.3974012952718497,0.7841559370529327,0.08672609703760244,0.07115943589191517,0.02460094602503047,0.02460094602503047,0.013674477449225429,0.012656558998022413,0.6513569937369519,0.5066519975729876,6.4,10,3,0,10,0,10,10,10,10,1,0,0,0
228,stackstorm/st2,0.12943391606964855,0.6437768240343348,0.04276538444921296,0.04667886747766174,0.032611555250116775,0.032611555250116775,0.010080889379399454,0.022148978246539223,0.32359081419624214,0.006890077029189446,6.6,10,1,0,10,0,10,10,0,10,0,1,0,0
229,delgan/loguru,0.004820836272275236,0.4272174535050071,0.008784941745755144,0.00214231887178383,0.10650029798177747,0.10650029798177747,0.009381014549320988,0.018721160184574818,0.10020876826722337,0.00034375548425690346,6.3,10,3,0,10,0,10,10,10,10,1,1,1,0
230,apache/dolphinscheduler,0.049619054836283934,0.3265379113018598,0.11427625041404439,0.08866401119603833,0.068814998953037,0.068814998953037,0.06201967725003028,0.04311140408701384,0.755741127348643,0.03990458400405401,6.8,9,8,0,10,0,10,10,10,0,1,1,0,0
231,includesecurity/safeurl-python,0.0,0.49177396280400565,3.60038596137506e-05,3.229626439875121e-05,5.905945139138698e-05,5.905945139138698e-05,5.383652539065129e-05,0.0,0.006263048016701461,0.0,3.8,10,0,0,0,0,10,0,0,10,1,1,0,0
232,plone/products.atcontenttypes,0.01215410354013769,0.802038626609442,0.0004896524907470082,0.0006459252879750242,1.073808207116127e-05,1.073808207116127e-05,0.0001211321821289654,0.021226104152933422,0.14822546972860123,0.0012434408904221006,3.6,10,3,0,0,0,0,0,0,10,0,1,0,0
233,datadog/guarddog,0.005252204935090675,0.11176680972818312,0.0034275674352290566,0.0035633545053288833,0.003232162703419542,0.003232162703419542,0.0005922017792971642,0.0023731048121292024,0.04592901878914405,0.0017587451641909418,7.6,10,5,0,10,0,10,10,0,10,1,1,1,0
234,azure/azure-cli,0.07112336560825896,0.5271816881258942,0.21477742413986778,0.13651630961352137,0.021519116470607183,0.021519116470607183,0.040135129678730536,0.023335530652603822,0.8517745302713987,0.10772260675869336,4.8,0,1,0,10,0,10,10,0,4,1,1,0,1
235,geopython/owslib,0.013384087159787113,0.792203147353362,0.006862335642380864,0.006007105178167725,0.0020831879218052864,0.0020831879218052864,0.0037012611206072763,0.0035596572181938032,0.24425887265135696,0.000891955019677123,4.8,10,0,0,0,0,10,10,0,9,1,1,1,0
236,python-mechanize/mechanize,0.006266504223332381,0.45582975679542204,0.0007128764203522619,0.00023683927225750888,0.003897923791831541,0.003897923791831541,0.0014535861855475849,0.002900461437046803,0.031315240083507306,0.0003133273672293785,3.2,10,0,0,0,0,10,0,0,10,1,1,1,0
237,py-pdf/pypdf2,0.010189627332451165,0.7934549356223176,0.01876521163068681,0.015588330283130584,0.04434290991286046,0.04434290991286046,0.018829324755380288,0.019380355965721817,0.4613778705636743,0.003341665154855267,7.5,10,6,0,10,10,9,10,0,10,1,1,1,0
238,rucio/rucio,0.07691769602499607,0.41219599427753933,0.0512334922303671,0.04766928625255678,0.0013207840947528362,0.0013207840947528362,0.004212708111818463,0.002900461437046803,0.2609603340292275,0.009828610752507072,7.0,10,6,0,10,0,10,10,0,10,1,1,1,0
239,geopython/pywps,0.012923571965700362,0.7626967095851216,0.0049757333986203325,0.00427387232210141,0.0009449512222621917,0.0009449512222621917,0.0015747183676765504,0.002768622280817403,0.08977035490605427,0.0023891828537396073,4.8,10,6,0,0,0,10,0,0,10,1,1,1,0
240,facebookresearch/parlai,0.025293359837245767,0.44742489270386265,0.03560061638607659,0.03660243298525137,0.05628365717599179,0.05628365717599179,0.028196880173353613,0.037310481212920237,0.3987473903966597,0.02454841795995758,5.1,10,6,0,10,0,10,0,0,0,0,1,0,0
241,deepset-ai/haystack,0.021539286609500604,0.2804005722460658,0.05475466970059191,0.043632253202712884,0.09346426634738769,0.09346426634738769,0.025531972166516374,0.01858932102834542,0.5281837160751566,0.007264754059398645,6.1,10,8,0,10,0,10,10,0,10,1,1,0,0
242,ubernostrum/django-registration,0.005910916541822358,0.6836552217453504,0.0017713898929965293,0.0010011841963612875,0.004955624875840926,0.004955624875840926,0.0032436506547867403,0.0034278180619644032,0.07933194154488517,0.0003120115567633234,5.8,10,0,0,0,0,10,10,0,10,0,0,0,0
243,getsentry/sentry-python,0.015844054399085965,0.3723175965665236,0.02618920748304218,0.02353321132522338,0.010174332762425303,0.010174332762425303,0.006716106542483748,0.01001977587343441,0.48851774530271397,0.008485168266664782,6.0,10,8,0,10,0,10,10,10,10,1,1,0,0
244,executablebooks/markdown-it-py,0.0017546211825330668,0.25679542203147354,0.002318648559125538,0.0025729357304338464,0.003865709545618057,0.003865709545618057,0.0009017618002934091,0.002900461437046803,0.05427974947807933,0.0002347076918825843,6.1,10,8,0,10,10,10,0,0,10,1,1,1,0
245,apache/mxnet,0.06923467038187785,0.577074391988555,0.14895516799400896,0.11974378296910324,0.11156867271936559,0.11156867271936559,0.0913740427192829,0.14093605800922873,0.7703549060542797,0.016654213068859815,5.2,10,1,0,10,0,10,0,0,4,1,1,0,0
246,starlite-api/starlite,0.0170565500999726,0.1457439198855508,0.025893975834209427,0.02643987512111099,0.029492142408444427,0.029492142408444427,0.005033715124025896,0.005273566249176005,0.4321503131524008,0.019913804545894892,7.4,10,4,0,10,0,10,10,9,10,1,1,0,0
247,spotipy-dev/spotipy,0.003911464496610259,0.6468168812589413,0.008352895430390138,0.005102809775002691,0.02690963367033014,0.02690963367033014,0.012893847831060984,0.01041529334212261,0.3736951983298538,0.00020658224317065583,6.9,10,6,0,10,0,10,10,0,10,1,1,1,0
248,ansible/ansible-runner,0.009379353763108653,0.39663805436337624,0.010066679148004666,0.010087199913876629,0.005181124599335313,0.005181124599335313,0.0047779916284203024,0.0063282794990112065,0.19206680584551145,0.000403624860462412,6.1,10,2,0,10,0,9,6,0,9,1,1,0,0
249,pallets/jinja2,0.016491107393309123,0.873211731044349,0.014207123003585984,0.010087199913876629,0.05543534869237005,0.05543534869237005,0.021763415389170784,0.03309162821357943,0.5553235908141962,0.0010871883975780536,7.1,10,3,0,10,10,10,10,0,10,1,1,0,1
250,openzeppelin/cairo-contracts,0.004086343684238139,0.16541487839771102,0.008216080763857886,0.006803746366670255,0.0044079826902117016,0.0044079826902117016,0.004508809001467046,0.0025049439683586024,0.10438413361169102,0.0005131660817615018,6.6,10,1,0,10,0,10,10,0,10,0,1,0,0
251,httpie/httpie,0.010306213457536418,0.7845135908440629,0.010729150164897677,0.006609968780277748,0.18136620618191385,0.18136620618191385,0.04947576683400853,0.01120632827949901,0.3089770354906054,0.0011314325244991574,4.6,10,0,0,10,0,10,1,0,10,1,1,0,0
252,ericsson/codechecker,0.03687036205821145,0.5688483547925608,0.03097052003974826,0.03140273441705242,0.01209108041212759,0.01209108041212759,0.005074092518068884,0.0069874752801582065,0.19415448851774528,0.0067101399479564065,6.4,10,1,0,10,0,10,10,0,0,1,1,1,0
253,identitypython/pysaml2,0.02090389222778597,0.7687768240343348,0.006984748765067615,0.005727204220045215,0.0030066629799251556,0.0030066629799251556,0.005679753428713711,0.004087013843111404,0.2797494780793319,0.0026909968793910033,4.2,10,3,0,10,0,10,0,0,0,1,1,1,0
254,pypa/pipenv,0.05230636501949903,0.46441344778254645,0.04464478592105074,0.020960275594789534,0.1335012053497125,0.1335012053497125,0.025101279963391163,0.047462096242584045,0.8308977035490605,0.042097546622043146,5.3,3,3,0,10,0,10,10,0,0,0,1,0,0
255,archivy/archivy,0.003159483989810373,0.24409871244635192,0.0022178377522070365,0.001679405748735063,0.017223883642142675,0.017223883642142675,0.0015343409736335617,0.0064601186552406065,0.04592901878914405,0.00019622023575047168,3.9,10,0,0,10,0,10,0,0,2,0,0,0,0
256,mansuf/mangadex-downloader,0.0060683078106874505,0.20189556509299,0.0008352895430390138,0.00025837011519000967,0.002732841887110543,0.002732841887110543,0.0005787426479495014,0.0003955174686882004,0.014613778705636741,0.0010674512405872264,3.8,10,3,0,0,0,10,4,0,4,1,1,0,0
257,inventree/inventree,0.09308236226806647,0.4533261802575107,0.055647565419012925,0.05469910647001829,0.022775472072933053,0.022775472072933053,0.010282776349614397,0.009228740936058008,0.18997912317327764,0.029945543539099225,7.8,10,1,0,10,0,10,10,10,8,1,1,0,0
258,nsupdate-info/nsupdate.info,0.0077762945431864156,0.6798998569384835,0.004068436136353817,0.0019593067068575734,0.005589171718039441,0.005589171718039441,0.0015478001049812247,0.0065919578114700065,0.04592901878914405,0.0006511617043890338,4.5,10,3,0,10,0,9,10,0,0,0,0,0,0
259,datahub-project/datahub,0.06155164473875964,0.5409513590844063,0.08445785388193615,0.10257293573043384,0.05289579228254041,0.05289579228254041,0.039085317433612835,0.03309162821357943,0.8726513569937369,1.0,5.9,3,0,0,10,0,10,10,10,0,0,1,0,0
260,hyperledger/indy-node,0.028575259258395658,0.46959942775393415,0.013537451214770223,0.01922704273872322,0.0036670550273015736,0.0036670550273015736,0.008829190164066811,0.009096901779828609,0.16910229645093944,0.003870785438517687,5.8,9,8,5,10,0,10,0,0,10,1,1,0,0
261,awslabs/sockeye,0.00476254320973261,0.43937768240343344,0.007978455290407131,0.008580040908601571,0.006501908694088149,0.006501908694088149,0.0043472994252950915,0.0065919578114700065,0.10647181628392484,0.0016916388304221302,5.1,10,8,0,0,0,10,0,0,7,0,1,0,0
262,django-helpdesk/django-helpdesk,0.015103732504794605,0.8739270386266095,0.008525713956536141,0.005705673377112714,0.008332751687221146,0.008332751687221146,0.008640762325199532,0.012261041529334212,0.25260960334029225,0.004126217145240639,5.6,10,6,0,0,0,10,10,0,0,1,1,1,0
263,caronc/apprise,0.005135618810005422,0.40897711015736765,0.008280887711162636,0.006373129508020239,0.06371977901027097,0.06371977901027097,0.0055720803779324085,0.008965062623599208,0.15240083507306887,0.0011238666143193402,5.2,10,1,0,0,0,10,10,10,10,1,1,1,0
264,jupyter/nbdime,0.012375617177799671,0.5413090128755365,0.005566196696285842,0.004607600387555173,0.014346077647071456,0.014346077647071456,0.0021534610156260514,0.005537244561634806,0.08768267223382045,0.002436716506825849,5.0,10,3,0,10,0,9,10,0,0,0,1,0,0
265,nicolargo/glances,0.034457029268946705,0.7993562231759657,0.020154960611777583,0.00960275594789536,0.143455407429679,0.143455407429679,0.020579011830576456,0.06618325642715886,0.33402922755741127,0.007052415145438998,6.1,10,0,2,10,0,9,10,9,10,1,1,1,0
266,plone/products.isurlinportal,0.000582930625426268,0.2356938483547926,0.00021602315768250356,0.0002691355366562601,1.073808207116127e-05,1.073808207116127e-05,1.3459131347662823e-05,0.025576796308503624,0.01252609603340292,2.0888491148625233e-05,4.8,10,0,0,0,0,0,10,0,10,0,1,0,0
267,23andme/yamale,0.0015156196261082969,0.6589771101573676,0.0018001929806875298,0.0011303692539562924,0.0036509479041948317,0.0036509479041948317,0.0011844035585943284,0.007382992748846407,0.07306889352818371,0.0001328968570715684,5.4,10,6,0,0,0,10,0,8,10,0,1,0,0
268,ansible-collections/kubernetes,0.0021743312328399798,0.2678826895565093,0.002801100277949796,0.002217676822047583,0.0014174268333932876,0.0014174268333932876,0.0013997496601569335,0.0026367831245880024,0.06471816283924843,0.00033750538454314157,4.7,10,3,0,0,0,10,0,0,10,1,1,1,0
269,mirahezebots/mirahezebots,0.010096358432382962,0.4304363376251788,0.005919034520500598,0.008849176445257833,5.905945139138698e-05,5.905945139138698e-05,0.00014805044482429106,0.0011865524060646012,0.037578288100208766,0.002459578713673557,4.9,10,3,0,10,0,9,0,7,7,1,1,1,0
270,tomoh1r/ansible-vault,0.00033227045649297283,0.5742131616595135,0.00036723936806025605,0.0003014318010550113,0.00028992821592135426,0.00028992821592135426,0.0004306922031252103,0.001054713249835201,0.006263048016701461,1.546077297614781e-05,3.9,10,0,0,0,0,10,0,7,10,1,1,1,0
271,clinical-genomics/scout,0.06099786064460468,0.6131974248927038,0.035168570070711586,0.024491333835719668,0.0008107251963726758,0.0008107251963726758,0.0006191200419924898,0.001977587343441002,0.060542797494780795,0.015160439237270727,5.9,10,0,0,0,0,10,10,10,7,1,1,0,0
272,jpadilla/pyjwt,0.004972398234886067,0.849964234620887,0.007193571150827369,0.005974808913768974,0.027612978045991204,0.027612978045991204,0.00924642323584436,0.007778510217534607,0.3048016701461378,0.0001916148991192787,7.2,10,6,0,10,10,10,10,0,10,1,1,1,0
273,pulp/pulp_ansible,0.007595586049304273,0.4071888412017167,0.014480752336650488,0.019506943696845733,0.00031677342109925747,0.00031677342109925747,0.0007267930927737924,0.0009228740936058009,0.07515657620041753,0.000523363612873429,7.5,10,8,0,10,0,10,10,7,10,0,0,0,0
274,pytorch/pytorch,0.4674753857543414,0.4928469241773963,1.0,1.0,0.4479283555164212,0.4479283555164212,0.3029515875045425,0.22887277521423863,0.6910229645093945,0.16353024053179796,5.3,9,1,0,10,0,9,10,0,9,1,1,0,1
275,microsoft/onefuzz,0.012521349834156238,0.23462088698140202,0.025872373518441176,0.028689848207557326,0.015167540925515293,0.015167540925515293,0.0026783671381849015,0.011865524060646011,0.06680584551148225,0.003717657995530521,6.0,9,8,2,10,10,10,0,7,0,1,1,0,1
276,zopefoundation/products.pluggableauthservice,0.0024191620955190123,0.5913805436337625,0.0008568918588072642,0.0007535795026375283,4.8321369320225715e-05,4.8321369320225715e-05,0.0002422643642579308,0.009228740936058008,0.06263048016701461,0.00018881880187891155,4.9,10,8,0,0,0,9,0,0,10,1,1,1,0
277,apache/systemds,0.050796574699645,0.542381974248927,0.015344844967380504,0.02294111314457961,0.005546219389754796,0.005546219389754796,0.006285414339358538,0.01173368490441661,0.348643006263048,0.062696394991828,4.6,3,3,2,10,0,10,10,0,0,1,1,0,0
278,mirahezebots/sopel-channelmgnt,0.0021568433140771916,0.2222818311874106,0.002196235436438786,0.0032834535472063726,0.0,0.0,4.037739404298847e-05,0.00026367831245880025,0.014613778705636741,4.638231892844343e-05,5.2,10,3,0,10,0,9,0,7,10,1,1,1,0
279,mattupstate/flask-security,0.00532798591639609,0.7825464949928469,0.006336679292020105,0.003767897513187641,0.008756905929032015,0.008756905929032015,0.006891075250003365,0.008701384311140408,0.22129436325678495,0.00021809558474863826,5.1,10,6,0,0,0,10,0,0,10,1,0,0,0
280,pythoncharmers/python-future,0.011250561070726974,0.694206008583691,0.004608494030560076,0.0026698245236300997,0.006292516093700504,0.006292516093700504,0.003916607222169881,0.005141727092946605,0.21920668058455112,0.0007185969907743593,5.3,10,0,0,10,10,10,0,0,10,1,1,1,0
281,apache/pulsar-client-cpp,0.005852623479279731,0.09281115879828328,0.003225945821392053,0.0032188610184088703,0.00028455917488577365,0.00028455917488577365,0.0008479252749027578,0.004746209624258405,0.27139874739039666,0.0010725500061431901,6.6,10,8,0,0,0,10,5,9,10,1,1,1,0
282,mar10/wsgidav,0.005246375628836413,0.665414878397711,0.0022754439275890375,0.0013995047906125524,0.005250922132797861,0.005250922132797861,0.002018869702149423,0.003032300593276203,0.08977035490605427,0.0015847292300551505,5.4,10,0,0,10,0,10,10,10,8,1,1,1,0
283,misp/misp-maltego,0.0006528823004774202,0.523247496423462,0.0004320463153650071,3.229626439875121e-05,0.0009127369760487079,0.0009127369760487079,0.0006191200419924898,0.0034278180619644032,0.006263048016701461,0.0008023154316771172,3.0,10,0,0,0,0,10,0,0,10,0,0,0,0
284,openedx/xblock-drag-and-drop-v2,0.004541029572070628,0.6314377682403434,0.003161138874087302,0.00453224243729142,0.0001073808207116127,0.0001073808207116127,0.0009421391943363976,0.003955174686882004,0.12943632567849683,0.0005636603083963675,6.5,10,3,0,10,0,10,5,0,10,1,1,0,1
285,codecov/codecov-python,0.0037890490652707424,0.6248211731044349,0.0024410616818122902,0.001980837549790074,0.0009932725915824175,0.0009932725915824175,0.0018708192573251323,0.002768622280817403,0.10229645093945719,0.00010921226868257602,5.2,10,0,0,10,0,10,0,0,10,1,1,0,1
286,pycord-development/pycord,0.03555293884474808,0.1636266094420601,0.017843512824574796,0.017827537948110667,0.014657482027135132,0.014657482027135132,0.006191200419924899,0.004350692155570204,0.7599164926931106,0.006650435048059154,6.3,8,2,0,10,0,10,10,9,10,1,1,1,0
287,irrdnet/irrd,0.005094813666225583,0.39055793991416304,0.006711119432003111,0.0061255248142964795,0.0008268323194794177,0.0008268323194794177,0.0006729565673831412,0.0023731048121292024,0.04175365344467641,0.000635700931412886,6.0,10,3,0,10,0,9,7,7,5,0,0,0,0
288,horovod/horovod,0.007700513561881001,0.4282904148783977,0.027672566499128706,0.017235439767466897,0.07647125146977499,0.07647125146977499,0.030081158562026408,0.04416611733684904,0.33194154488517746,0.0011399852925285158,5.1,10,1,0,10,0,9,0,8,7,1,1,0,0
289,personnummer/python,0.0008977131631564528,0.41523605150214593,0.0005544594380517592,0.0007105178167725266,6.442849242696761e-05,6.442849242696761e-05,0.00018842783886727953,0.0006591957811470006,0.025052192066805843,1.7270012366973618e-05,5.9,10,0,0,10,0,10,3,10,10,1,1,0,1
290,cure53/dompurify,0.01172273487732225,0.6552217453505007,0.007186370378904619,0.0044353536440951665,0.07466725368181988,0.07466725368181988,0.009650197176274244,0.02017139090309822,0.20459290187891438,0.0016770004389872668,6.5,10,0,0,10,0,9,10,10,7,0,1,1,0
291,ietf-tools/xml2rfc,0.015237806548642647,0.13483547925608014,0.008136872272707634,0.0018731833351275703,0.0003704638314550638,0.0003704638314550638,0.0005114469912111873,0.0018457481872116018,0.03549060542797495,0.04350200981824874,5.3,10,3,0,0,0,10,10,10,1,0,0,0,0
292,miguelgrinberg/python-engineio,0.003934781721627309,0.5677753934191703,0.0025850771202672925,0.00160404779847131,0.0012509865612902878,0.0012509865612902878,0.0019919514394540977,0.0017139090309822016,0.09185803757828809,0.00029671526009543246,4.4,10,0,0,10,0,10,10,0,0,1,1,0,0
293,microchiptech/cryptoauthlib,0.0006295650754603695,0.4104077253218884,0.002793899506027046,0.0008827645602325331,0.0020348665524850605,0.0020348665524850605,0.002974468027833484,0.005273566249176005,0.014613778705636741,0.013365509285263269,5.9,10,6,0,10,0,9,10,0,10,1,1,1,0
294,spotify/luigi,0.024133327892647494,0.7473175965665236,0.023841755836225643,0.024900419851437185,0.09562262084369111,0.09562262084369111,0.032207701314957135,0.06235992089650626,0.7244258872651357,0.0018003576701799355,6.8,10,8,0,0,0,10,10,10,10,1,1,0,0
295,openapi-generators/openapi-python-client,0.0047217380659527715,0.2637696709585121,0.007409594308509872,0.007159005275056519,0.007076396084895277,0.007076396084895277,0.0027052854008802274,0.0017139090309822016,0.14196242171189977,0.0005327387624440718,6.9,10,8,0,10,0,10,10,0,10,1,1,1,0
296,moggers87/django-sendfile2,0.000985152756970393,0.38841201716738194,0.00043924708728775724,0.0003875551727850145,0.0004456304059531927,0.0004456304059531927,0.00020188697021494235,0.0007910349373764008,0.04175365344467641,3.0428117027524946e-05,3.8,10,3,0,0,0,10,0,0,10,0,0,0,0
297,flask-admin/flask-admin,0.019277515782846682,0.7805793991416309,0.018405173034549305,0.01201421035633545,0.031059902390833973,0.031059902390833973,0.021144295347178294,0.02030323005932762,0.6409185803757829,0.0027421490112588967,6.6,10,0,0,10,0,10,10,0,10,1,0,0,0
298,privacyidea/privacyidea,0.04882626918570421,0.6362660944206009,0.02974638881288074,0.020917213908924533,0.008096513881655597,0.008096513881655597,0.004266544637209115,0.008437705998681608,0.23173277661795402,0.009396038061791446,6.2,10,6,2,10,0,10,10,10,0,0,1,0,0
299,pyupio/safety,0.0038298542090505813,0.48086552217453504,0.004414073188645823,0.004241576057702659,0.009234750581198692,0.009234750581198692,0.001978492308106435,0.004482531311799604,0.07933194154488517,0.0004212238254458994,5.8,10,5,0,0,0,10,10,0,10,1,1,1,1
300,froggo8311/phoenix,0.00048383241910380246,0.1228540772532189,0.0,0.0,1.073808207116127e-05,1.073808207116127e-05,0.0,0.00013183915622940013,0.0,0.002206285198957944,4.4,5,0,0,10,0,10,0,10,6,1,1,1,0
301,awslabs/autogluon,0.013588112878686309,0.29971387696709584,0.02955196797096649,0.02860372483582732,0.042823471299791145,0.042823471299791145,0.01244969649658811,0.012788398154251812,0.2379958246346555,0.0034505484709213287,6.4,10,0,0,0,0,10,10,10,10,1,1,1,1
